userId,username,name,email,password,bio
0,user0,User 0,user0@email.com,123456,Bio for user 0
1,user1,User 1,user1@email.com,123456,Bio for user 1
2,user2,User 2,user2@email.com,123456,Bio for user 2
3,user3,User 3,user3@email.com,123456,Bio for user 3
4,user4,User 4,user4@email.com,123456,Bio for user 4
5,user5,User 5,user5@email.com,123456,Bio for user 5
6,user6,User 6,user6@email.com,123456,Bio for user 6
7,user7,User 7,user7@email.com,123456,Bio for user 7
8,user8,User 8,user8@email.com,123456,Bio for user 8
9,user9,User 9,user9@email.com,123456,Bio for user 9
10,user10,User 10,user10@email.com,123456,Bio for user 10
11,user11,User 11,user11@email.com,123456,Bio for user 11
12,user12,User 12,user12@email.com,123456,Bio for user 12
13,user13,User 13,user13@email.com,123456,Bio for user 13
14,user14,User 14,user14@email.com,123456,Bio for user 14
15,user15,User 15,user15@email.com,123456,Bio for user 15
16,user16,User 16,user16@email.com,123456,Bio for user 16
17,user17,User 17,user17@email.com,123456,Bio for user 17
18,user18,User 18,user18@email.com,123456,Bio for user 18
19,user19,User 19,user19@email.com,123456,Bio for user 19
20,user20,User 20,user20@email.com,123456,Bio for user 20
21,user21,User 21,user21@email.com,123456,Bio for user 21
22,user22,User 22,user22@email.com,123456,Bio for user 22
23,user23,User 23,user23@email.com,123456,Bio for user 23
24,user24,User 24,user24@email.com,123456,Bio for user 24
25,user25,User 25,user25@email.com,123456,Bio for user 25
26,user26,User 26,user26@email.com,123456,Bio for user 26
27,user27,User 27,user27@email.com,123456,Bio for user 27
28,user28,User 28,user28@email.com,123456,Bio for user 28
29,user29,User 29,user29@email.com,123456,Bio for user 29
30,user30,User 30,user30@email.com,123456,Bio for user 30
31,user31,User 31,user31@email.com,123456,Bio for user 31
32,user32,User 32,user32@email.com,123456,Bio for user 32
33,user33,User 33,user33@email.com,123456,Bio for user 33
34,user34,User 34,user34@email.com,123456,Bio for user 34
35,user35,User 35,user35@email.com,123456,Bio for user 35
36,user36,User 36,user36@email.com,123456,Bio for user 36
37,user37,User 37,user37@email.com,123456,Bio for user 37
38,user38,User 38,user38@email.com,123456,Bio for user 38
39,user39,User 39,user39@email.com,123456,Bio for user 39
40,user40,User 40,user40@email.com,123456,Bio for user 40
41,user41,User 41,user41@email.com,123456,Bio for user 41
42,user42,User 42,user42@email.com,123456,Bio for user 42
43,user43,User 43,user43@email.com,123456,Bio for user 43
44,user44,User 44,user44@email.com,123456,Bio for user 44
45,user45,User 45,user45@email.com,123456,Bio for user 45
46,user46,User 46,user46@email.com,123456,Bio for user 46
47,user47,User 47,user47@email.com,123456,Bio for user 47
48,user48,User 48,user48@email.com,123456,Bio for user 48
49,user49,User 49,user49@email.com,123456,Bio for user 49
50,user50,User 50,user50@email.com,123456,Bio for user 50
51,user51,User 51,user51@email.com,123456,Bio for user 51
52,user52,User 52,user52@email.com,123456,Bio for user 52
53,user53,User 53,user53@email.com,123456,Bio for user 53
54,user54,User 54,user54@email.com,123456,Bio for user 54
55,user55,User 55,user55@email.com,123456,Bio for user 55
56,user56,User 56,user56@email.com,123456,Bio for user 56
57,user57,User 57,user57@email.com,123456,Bio for user 57
58,user58,User 58,user58@email.com,123456,Bio for user 58
59,user59,User 59,user59@email.com,123456,Bio for user 59
60,user60,User 60,user60@email.com,123456,Bio for user 60
61,user61,User 61,user61@email.com,123456,Bio for user 61
62,user62,User 62,user62@email.com,123456,Bio for user 62
63,user63,User 63,user63@email.com,123456,Bio for user 63
64,user64,User 64,user64@email.com,123456,Bio for user 64
65,user65,User 65,user65@email.com,123456,Bio for user 65
66,user66,User 66,user66@email.com,123456,Bio for user 66
67,user67,User 67,user67@email.com,123456,Bio for user 67
68,user68,User 68,user68@email.com,123456,Bio for user 68
69,user69,User 69,user69@email.com,123456,Bio for user 69
70,user70,User 70,user70@email.com,123456,Bio for user 70
71,user71,User 71,user71@email.com,123456,Bio for user 71
72,user72,User 72,user72@email.com,123456,Bio for user 72
73,user73,User 73,user73@email.com,123456,Bio for user 73
74,user74,User 74,user74@email.com,123456,Bio for user 74
75,user75,User 75,user75@email.com,123456,Bio for user 75
76,user76,User 76,user76@email.com,123456,Bio for user 76
77,user77,User 77,user77@email.com,123456,Bio for user 77
78,user78,User 78,user78@email.com,123456,Bio for user 78
79,user79,User 79,user79@email.com,123456,Bio for user 79
80,user80,User 80,user80@email.com,123456,Bio for user 80
81,user81,User 81,user81@email.com,123456,Bio for user 81
82,user82,User 82,user82@email.com,123456,Bio for user 82
83,user83,User 83,user83@email.com,123456,Bio for user 83
84,user84,User 84,user84@email.com,123456,Bio for user 84
85,user85,User 85,user85@email.com,123456,Bio for user 85
86,user86,User 86,user86@email.com,123456,Bio for user 86
87,user87,User 87,user87@email.com,123456,Bio for user 87
88,user88,User 88,user88@email.com,123456,Bio for user 88
89,user89,User 89,user89@email.com,123456,Bio for user 89
90,user90,User 90,user90@email.com,123456,Bio for user 90
91,user91,User 91,user91@email.com,123456,Bio for user 91
92,user92,User 92,user92@email.com,123456,Bio for user 92
93,user93,User 93,user93@email.com,123456,Bio for user 93
94,user94,User 94,user94@email.com,123456,Bio for user 94
95,user95,User 95,user95@email.com,123456,Bio for user 95
96,user96,User 96,user96@email.com,123456,Bio for user 96
97,user97,User 97,user97@email.com,123456,Bio for user 97
98,user98,User 98,user98@email.com,123456,Bio for user 98
99,user99,User 99,user99@email.com,123456,Bio for user 99
100,user100,User 100,user100@email.com,123456,Bio for user 100
101,user101,User 101,user101@email.com,123456,Bio for user 101
102,user102,User 102,user102@email.com,123456,Bio for user 102
103,user103,User 103,user103@email.com,123456,Bio for user 103
104,user104,User 104,user104@email.com,123456,Bio for user 104
105,user105,User 105,user105@email.com,123456,Bio for user 105
106,user106,User 106,user106@email.com,123456,Bio for user 106
107,user107,User 107,user107@email.com,123456,Bio for user 107
108,user108,User 108,user108@email.com,123456,Bio for user 108
109,user109,User 109,user109@email.com,123456,Bio for user 109
110,user110,User 110,user110@email.com,123456,Bio for user 110
111,user111,User 111,user111@email.com,123456,Bio for user 111
112,user112,User 112,user112@email.com,123456,Bio for user 112
113,user113,User 113,user113@email.com,123456,Bio for user 113
114,user114,User 114,user114@email.com,123456,Bio for user 114
115,user115,User 115,user115@email.com,123456,Bio for user 115
116,user116,User 116,user116@email.com,123456,Bio for user 116
117,user117,User 117,user117@email.com,123456,Bio for user 117
118,user118,User 118,user118@email.com,123456,Bio for user 118
119,user119,User 119,user119@email.com,123456,Bio for user 119
120,user120,User 120,user120@email.com,123456,Bio for user 120
121,user121,User 121,user121@email.com,123456,Bio for user 121
122,user122,User 122,user122@email.com,123456,Bio for user 122
123,user123,User 123,user123@email.com,123456,Bio for user 123
124,user124,User 124,user124@email.com,123456,Bio for user 124
125,user125,User 125,user125@email.com,123456,Bio for user 125
126,user126,User 126,user126@email.com,123456,Bio for user 126
127,user127,User 127,user127@email.com,123456,Bio for user 127
128,user128,User 128,user128@email.com,123456,Bio for user 128
129,user129,User 129,user129@email.com,123456,Bio for user 129
130,user130,User 130,user130@email.com,123456,Bio for user 130
131,user131,User 131,user131@email.com,123456,Bio for user 131
132,user132,User 132,user132@email.com,123456,Bio for user 132
133,user133,User 133,user133@email.com,123456,Bio for user 133
134,user134,User 134,user134@email.com,123456,Bio for user 134
135,user135,User 135,user135@email.com,123456,Bio for user 135
136,user136,User 136,user136@email.com,123456,Bio for user 136
137,user137,User 137,user137@email.com,123456,Bio for user 137
138,user138,User 138,user138@email.com,123456,Bio for user 138
139,user139,User 139,user139@email.com,123456,Bio for user 139
140,user140,User 140,user140@email.com,123456,Bio for user 140
141,user141,User 141,user141@email.com,123456,Bio for user 141
142,user142,User 142,user142@email.com,123456,Bio for user 142
143,user143,User 143,user143@email.com,123456,Bio for user 143
144,user144,User 144,user144@email.com,123456,Bio for user 144
145,user145,User 145,user145@email.com,123456,Bio for user 145
146,user146,User 146,user146@email.com,123456,Bio for user 146
147,user147,User 147,user147@email.com,123456,Bio for user 147
148,user148,User 148,user148@email.com,123456,Bio for user 148
149,user149,User 149,user149@email.com,123456,Bio for user 149
150,user150,User 150,user150@email.com,123456,Bio for user 150
151,user151,User 151,user151@email.com,123456,Bio for user 151
152,user152,User 152,user152@email.com,123456,Bio for user 152
153,user153,User 153,user153@email.com,123456,Bio for user 153
154,user154,User 154,user154@email.com,123456,Bio for user 154
155,user155,User 155,user155@email.com,123456,Bio for user 155
156,user156,User 156,user156@email.com,123456,Bio for user 156
157,user157,User 157,user157@email.com,123456,Bio for user 157
158,user158,User 158,user158@email.com,123456,Bio for user 158
159,user159,User 159,user159@email.com,123456,Bio for user 159
160,user160,User 160,user160@email.com,123456,Bio for user 160
161,user161,User 161,user161@email.com,123456,Bio for user 161
162,user162,User 162,user162@email.com,123456,Bio for user 162
163,user163,User 163,user163@email.com,123456,Bio for user 163
164,user164,User 164,user164@email.com,123456,Bio for user 164
165,user165,User 165,user165@email.com,123456,Bio for user 165
166,user166,User 166,user166@email.com,123456,Bio for user 166
167,user167,User 167,user167@email.com,123456,Bio for user 167
168,user168,User 168,user168@email.com,123456,Bio for user 168
169,user169,User 169,user169@email.com,123456,Bio for user 169
170,user170,User 170,user170@email.com,123456,Bio for user 170
171,user171,User 171,user171@email.com,123456,Bio for user 171
172,user172,User 172,user172@email.com,123456,Bio for user 172
173,user173,User 173,user173@email.com,123456,Bio for user 173
174,user174,User 174,user174@email.com,123456,Bio for user 174
175,user175,User 175,user175@email.com,123456,Bio for user 175
176,user176,User 176,user176@email.com,123456,Bio for user 176
177,user177,User 177,user177@email.com,123456,Bio for user 177
178,user178,User 178,user178@email.com,123456,Bio for user 178
179,user179,User 179,user179@email.com,123456,Bio for user 179
180,user180,User 180,user180@email.com,123456,Bio for user 180
181,user181,User 181,user181@email.com,123456,Bio for user 181
182,user182,User 182,user182@email.com,123456,Bio for user 182
183,user183,User 183,user183@email.com,123456,Bio for user 183
184,user184,User 184,user184@email.com,123456,Bio for user 184
185,user185,User 185,user185@email.com,123456,Bio for user 185
186,user186,User 186,user186@email.com,123456,Bio for user 186
187,user187,User 187,user187@email.com,123456,Bio for user 187
188,user188,User 188,user188@email.com,123456,Bio for user 188
189,user189,User 189,user189@email.com,123456,Bio for user 189
190,user190,User 190,user190@email.com,123456,Bio for user 190
191,user191,User 191,user191@email.com,123456,Bio for user 191
192,user192,User 192,user192@email.com,123456,Bio for user 192
193,user193,User 193,user193@email.com,123456,Bio for user 193
194,user194,User 194,user194@email.com,123456,Bio for user 194
195,user195,User 195,user195@email.com,123456,Bio for user 195
196,user196,User 196,user196@email.com,123456,Bio for user 196
197,user197,User 197,user197@email.com,123456,Bio for user 197
198,user198,User 198,user198@email.com,123456,Bio for user 198
199,user199,User 199,user199@email.com,123456,Bio for user 199
200,user200,User 200,user200@email.com,123456,Bio for user 200
201,user201,User 201,user201@email.com,123456,Bio for user 201
202,user202,User 202,user202@email.com,123456,Bio for user 202
203,user203,User 203,user203@email.com,123456,Bio for user 203
204,user204,User 204,user204@email.com,123456,Bio for user 204
205,user205,User 205,user205@email.com,123456,Bio for user 205
206,user206,User 206,user206@email.com,123456,Bio for user 206
207,user207,User 207,user207@email.com,123456,Bio for user 207
208,user208,User 208,user208@email.com,123456,Bio for user 208
209,user209,User 209,user209@email.com,123456,Bio for user 209
210,user210,User 210,user210@email.com,123456,Bio for user 210
211,user211,User 211,user211@email.com,123456,Bio for user 211
212,user212,User 212,user212@email.com,123456,Bio for user 212
213,user213,User 213,user213@email.com,123456,Bio for user 213
214,user214,User 214,user214@email.com,123456,Bio for user 214
215,user215,User 215,user215@email.com,123456,Bio for user 215
216,user216,User 216,user216@email.com,123456,Bio for user 216
217,user217,User 217,user217@email.com,123456,Bio for user 217
218,user218,User 218,user218@email.com,123456,Bio for user 218
219,user219,User 219,user219@email.com,123456,Bio for user 219
220,user220,User 220,user220@email.com,123456,Bio for user 220
221,user221,User 221,user221@email.com,123456,Bio for user 221
222,user222,User 222,user222@email.com,123456,Bio for user 222
223,user223,User 223,user223@email.com,123456,Bio for user 223
224,user224,User 224,user224@email.com,123456,Bio for user 224
225,user225,User 225,user225@email.com,123456,Bio for user 225
226,user226,User 226,user226@email.com,123456,Bio for user 226
227,user227,User 227,user227@email.com,123456,Bio for user 227
228,user228,User 228,user228@email.com,123456,Bio for user 228
229,user229,User 229,user229@email.com,123456,Bio for user 229
230,user230,User 230,user230@email.com,123456,Bio for user 230
231,user231,User 231,user231@email.com,123456,Bio for user 231
232,user232,User 232,user232@email.com,123456,Bio for user 232
233,user233,User 233,user233@email.com,123456,Bio for user 233
234,user234,User 234,user234@email.com,123456,Bio for user 234
235,user235,User 235,user235@email.com,123456,Bio for user 235
236,user236,User 236,user236@email.com,123456,Bio for user 236
237,user237,User 237,user237@email.com,123456,Bio for user 237
238,user238,User 238,user238@email.com,123456,Bio for user 238
239,user239,User 239,user239@email.com,123456,Bio for user 239
240,user240,User 240,user240@email.com,123456,Bio for user 240
241,user241,User 241,user241@email.com,123456,Bio for user 241
242,user242,User 242,user242@email.com,123456,Bio for user 242
243,user243,User 243,user243@email.com,123456,Bio for user 243
244,user244,User 244,user244@email.com,123456,Bio for user 244
245,user245,User 245,user245@email.com,123456,Bio for user 245
246,user246,User 246,user246@email.com,123456,Bio for user 246
247,user247,User 247,user247@email.com,123456,Bio for user 247
248,user248,User 248,user248@email.com,123456,Bio for user 248
249,user249,User 249,user249@email.com,123456,Bio for user 249
250,user250,User 250,user250@email.com,123456,Bio for user 250
251,user251,User 251,user251@email.com,123456,Bio for user 251
252,user252,User 252,user252@email.com,123456,Bio for user 252
253,user253,User 253,user253@email.com,123456,Bio for user 253
254,user254,User 254,user254@email.com,123456,Bio for user 254
255,user255,User 255,user255@email.com,123456,Bio for user 255
256,user256,User 256,user256@email.com,123456,Bio for user 256
257,user257,User 257,user257@email.com,123456,Bio for user 257
258,user258,User 258,user258@email.com,123456,Bio for user 258
259,user259,User 259,user259@email.com,123456,Bio for user 259
260,user260,User 260,user260@email.com,123456,Bio for user 260
261,user261,User 261,user261@email.com,123456,Bio for user 261
262,user262,User 262,user262@email.com,123456,Bio for user 262
263,user263,User 263,user263@email.com,123456,Bio for user 263
264,user264,User 264,user264@email.com,123456,Bio for user 264
265,user265,User 265,user265@email.com,123456,Bio for user 265
266,user266,User 266,user266@email.com,123456,Bio for user 266
267,user267,User 267,user267@email.com,123456,Bio for user 267
268,user268,User 268,user268@email.com,123456,Bio for user 268
269,user269,User 269,user269@email.com,123456,Bio for user 269
270,user270,User 270,user270@email.com,123456,Bio for user 270
271,user271,User 271,user271@email.com,123456,Bio for user 271
272,user272,User 272,user272@email.com,123456,Bio for user 272
273,user273,User 273,user273@email.com,123456,Bio for user 273
274,user274,User 274,user274@email.com,123456,Bio for user 274
275,user275,User 275,user275@email.com,123456,Bio for user 275
276,user276,User 276,user276@email.com,123456,Bio for user 276
277,user277,User 277,user277@email.com,123456,Bio for user 277
278,user278,User 278,user278@email.com,123456,Bio for user 278
279,user279,User 279,user279@email.com,123456,Bio for user 279
280,user280,User 280,user280@email.com,123456,Bio for user 280
281,user281,User 281,user281@email.com,123456,Bio for user 281
282,user282,User 282,user282@email.com,123456,Bio for user 282
283,user283,User 283,user283@email.com,123456,Bio for user 283
284,user284,User 284,user284@email.com,123456,Bio for user 284
285,user285,User 285,user285@email.com,123456,Bio for user 285
286,user286,User 286,user286@email.com,123456,Bio for user 286
287,user287,User 287,user287@email.com,123456,Bio for user 287
288,user288,User 288,user288@email.com,123456,Bio for user 288
289,user289,User 289,user289@email.com,123456,Bio for user 289
290,user290,User 290,user290@email.com,123456,Bio for user 290
291,user291,User 291,user291@email.com,123456,Bio for user 291
292,user292,User 292,user292@email.com,123456,Bio for user 292
293,user293,User 293,user293@email.com,123456,Bio for user 293
294,user294,User 294,user294@email.com,123456,Bio for user 294
295,user295,User 295,user295@email.com,123456,Bio for user 295
296,user296,User 296,user296@email.com,123456,Bio for user 296
297,user297,User 297,user297@email.com,123456,Bio for user 297
298,user298,User 298,user298@email.com,123456,Bio for user 298
299,user299,User 299,user299@email.com,123456,Bio for user 299
300,user300,User 300,user300@email.com,123456,Bio for user 300
301,user301,User 301,user301@email.com,123456,Bio for user 301
302,user302,User 302,user302@email.com,123456,Bio for user 302
303,user303,User 303,user303@email.com,123456,Bio for user 303
304,user304,User 304,user304@email.com,123456,Bio for user 304
305,user305,User 305,user305@email.com,123456,Bio for user 305
306,user306,User 306,user306@email.com,123456,Bio for user 306
307,user307,User 307,user307@email.com,123456,Bio for user 307
308,user308,User 308,user308@email.com,123456,Bio for user 308
309,user309,User 309,user309@email.com,123456,Bio for user 309
310,user310,User 310,user310@email.com,123456,Bio for user 310
311,user311,User 311,user311@email.com,123456,Bio for user 311
312,user312,User 312,user312@email.com,123456,Bio for user 312
313,user313,User 313,user313@email.com,123456,Bio for user 313
314,user314,User 314,user314@email.com,123456,Bio for user 314
315,user315,User 315,user315@email.com,123456,Bio for user 315
316,user316,User 316,user316@email.com,123456,Bio for user 316
317,user317,User 317,user317@email.com,123456,Bio for user 317
318,user318,User 318,user318@email.com,123456,Bio for user 318
319,user319,User 319,user319@email.com,123456,Bio for user 319
320,user320,User 320,user320@email.com,123456,Bio for user 320
321,user321,User 321,user321@email.com,123456,Bio for user 321
322,user322,User 322,user322@email.com,123456,Bio for user 322
323,user323,User 323,user323@email.com,123456,Bio for user 323
324,user324,User 324,user324@email.com,123456,Bio for user 324
325,user325,User 325,user325@email.com,123456,Bio for user 325
326,user326,User 326,user326@email.com,123456,Bio for user 326
327,user327,User 327,user327@email.com,123456,Bio for user 327
328,user328,User 328,user328@email.com,123456,Bio for user 328
329,user329,User 329,user329@email.com,123456,Bio for user 329
330,user330,User 330,user330@email.com,123456,Bio for user 330
331,user331,User 331,user331@email.com,123456,Bio for user 331
332,user332,User 332,user332@email.com,123456,Bio for user 332
333,user333,User 333,user333@email.com,123456,Bio for user 333
334,user334,User 334,user334@email.com,123456,Bio for user 334
335,user335,User 335,user335@email.com,123456,Bio for user 335
336,user336,User 336,user336@email.com,123456,Bio for user 336
337,user337,User 337,user337@email.com,123456,Bio for user 337
338,user338,User 338,user338@email.com,123456,Bio for user 338
339,user339,User 339,user339@email.com,123456,Bio for user 339
340,user340,User 340,user340@email.com,123456,Bio for user 340
341,user341,User 341,user341@email.com,123456,Bio for user 341
342,user342,User 342,user342@email.com,123456,Bio for user 342
343,user343,User 343,user343@email.com,123456,Bio for user 343
344,user344,User 344,user344@email.com,123456,Bio for user 344
345,user345,User 345,user345@email.com,123456,Bio for user 345
346,user346,User 346,user346@email.com,123456,Bio for user 346
347,user347,User 347,user347@email.com,123456,Bio for user 347
348,user348,User 348,user348@email.com,123456,Bio for user 348
349,user349,User 349,user349@email.com,123456,Bio for user 349
350,user350,User 350,user350@email.com,123456,Bio for user 350
351,user351,User 351,user351@email.com,123456,Bio for user 351
352,user352,User 352,user352@email.com,123456,Bio for user 352
353,user353,User 353,user353@email.com,123456,Bio for user 353
354,user354,User 354,user354@email.com,123456,Bio for user 354
355,user355,User 355,user355@email.com,123456,Bio for user 355
356,user356,User 356,user356@email.com,123456,Bio for user 356
357,user357,User 357,user357@email.com,123456,Bio for user 357
358,user358,User 358,user358@email.com,123456,Bio for user 358
359,user359,User 359,user359@email.com,123456,Bio for user 359
360,user360,User 360,user360@email.com,123456,Bio for user 360
361,user361,User 361,user361@email.com,123456,Bio for user 361
362,user362,User 362,user362@email.com,123456,Bio for user 362
363,user363,User 363,user363@email.com,123456,Bio for user 363
364,user364,User 364,user364@email.com,123456,Bio for user 364
365,user365,User 365,user365@email.com,123456,Bio for user 365
366,user366,User 366,user366@email.com,123456,Bio for user 366
367,user367,User 367,user367@email.com,123456,Bio for user 367
368,user368,User 368,user368@email.com,123456,Bio for user 368
369,user369,User 369,user369@email.com,123456,Bio for user 369
370,user370,User 370,user370@email.com,123456,Bio for user 370
371,user371,User 371,user371@email.com,123456,Bio for user 371
372,user372,User 372,user372@email.com,123456,Bio for user 372
373,user373,User 373,user373@email.com,123456,Bio for user 373
374,user374,User 374,user374@email.com,123456,Bio for user 374
375,user375,User 375,user375@email.com,123456,Bio for user 375
376,user376,User 376,user376@email.com,123456,Bio for user 376
377,user377,User 377,user377@email.com,123456,Bio for user 377
378,user378,User 378,user378@email.com,123456,Bio for user 378
379,user379,User 379,user379@email.com,123456,Bio for user 379
380,user380,User 380,user380@email.com,123456,Bio for user 380
381,user381,User 381,user381@email.com,123456,Bio for user 381
382,user382,User 382,user382@email.com,123456,Bio for user 382
383,user383,User 383,user383@email.com,123456,Bio for user 383
384,user384,User 384,user384@email.com,123456,Bio for user 384
385,user385,User 385,user385@email.com,123456,Bio for user 385
386,user386,User 386,user386@email.com,123456,Bio for user 386
387,user387,User 387,user387@email.com,123456,Bio for user 387
388,user388,User 388,user388@email.com,123456,Bio for user 388
389,user389,User 389,user389@email.com,123456,Bio for user 389
390,user390,User 390,user390@email.com,123456,Bio for user 390
391,user391,User 391,user391@email.com,123456,Bio for user 391
392,user392,User 392,user392@email.com,123456,Bio for user 392
393,user393,User 393,user393@email.com,123456,Bio for user 393
394,user394,User 394,user394@email.com,123456,Bio for user 394
395,user395,User 395,user395@email.com,123456,Bio for user 395
396,user396,User 396,user396@email.com,123456,Bio for user 396
397,user397,User 397,user397@email.com,123456,Bio for user 397
398,user398,User 398,user398@email.com,123456,Bio for user 398
399,user399,User 399,user399@email.com,123456,Bio for user 399
400,user400,User 400,user400@email.com,123456,Bio for user 400
401,user401,User 401,user401@email.com,123456,Bio for user 401
402,user402,User 402,user402@email.com,123456,Bio for user 402
403,user403,User 403,user403@email.com,123456,Bio for user 403
404,user404,User 404,user404@email.com,123456,Bio for user 404
405,user405,User 405,user405@email.com,123456,Bio for user 405
406,user406,User 406,user406@email.com,123456,Bio for user 406
407,user407,User 407,user407@email.com,123456,Bio for user 407
408,user408,User 408,user408@email.com,123456,Bio for user 408
409,user409,User 409,user409@email.com,123456,Bio for user 409
410,user410,User 410,user410@email.com,123456,Bio for user 410
411,user411,User 411,user411@email.com,123456,Bio for user 411
412,user412,User 412,user412@email.com,123456,Bio for user 412
413,user413,User 413,user413@email.com,123456,Bio for user 413
414,user414,User 414,user414@email.com,123456,Bio for user 414
415,user415,User 415,user415@email.com,123456,Bio for user 415
416,user416,User 416,user416@email.com,123456,Bio for user 416
417,user417,User 417,user417@email.com,123456,Bio for user 417
418,user418,User 418,user418@email.com,123456,Bio for user 418
419,user419,User 419,user419@email.com,123456,Bio for user 419
420,user420,User 420,user420@email.com,123456,Bio for user 420
421,user421,User 421,user421@email.com,123456,Bio for user 421
422,user422,User 422,user422@email.com,123456,Bio for user 422
423,user423,User 423,user423@email.com,123456,Bio for user 423
424,user424,User 424,user424@email.com,123456,Bio for user 424
425,user425,User 425,user425@email.com,123456,Bio for user 425
426,user426,User 426,user426@email.com,123456,Bio for user 426
427,user427,User 427,user427@email.com,123456,Bio for user 427
428,user428,User 428,user428@email.com,123456,Bio for user 428
429,user429,User 429,user429@email.com,123456,Bio for user 429
430,user430,User 430,user430@email.com,123456,Bio for user 430
431,user431,User 431,user431@email.com,123456,Bio for user 431
432,user432,User 432,user432@email.com,123456,Bio for user 432
433,user433,User 433,user433@email.com,123456,Bio for user 433
434,user434,User 434,user434@email.com,123456,Bio for user 434
435,user435,User 435,user435@email.com,123456,Bio for user 435
436,user436,User 436,user436@email.com,123456,Bio for user 436
437,user437,User 437,user437@email.com,123456,Bio for user 437
438,user438,User 438,user438@email.com,123456,Bio for user 438
439,user439,User 439,user439@email.com,123456,Bio for user 439
440,user440,User 440,user440@email.com,123456,Bio for user 440
441,user441,User 441,user441@email.com,123456,Bio for user 441
442,user442,User 442,user442@email.com,123456,Bio for user 442
443,user443,User 443,user443@email.com,123456,Bio for user 443
444,user444,User 444,user444@email.com,123456,Bio for user 444
445,user445,User 445,user445@email.com,123456,Bio for user 445
446,user446,User 446,user446@email.com,123456,Bio for user 446
447,user447,User 447,user447@email.com,123456,Bio for user 447
448,user448,User 448,user448@email.com,123456,Bio for user 448
449,user449,User 449,user449@email.com,123456,Bio for user 449
450,user450,User 450,user450@email.com,123456,Bio for user 450
451,user451,User 451,user451@email.com,123456,Bio for user 451
452,user452,User 452,user452@email.com,123456,Bio for user 452
453,user453,User 453,user453@email.com,123456,Bio for user 453
454,user454,User 454,user454@email.com,123456,Bio for user 454
455,user455,User 455,user455@email.com,123456,Bio for user 455
456,user456,User 456,user456@email.com,123456,Bio for user 456
457,user457,User 457,user457@email.com,123456,Bio for user 457
458,user458,User 458,user458@email.com,123456,Bio for user 458
459,user459,User 459,user459@email.com,123456,Bio for user 459
460,user460,User 460,user460@email.com,123456,Bio for user 460
461,user461,User 461,user461@email.com,123456,Bio for user 461
462,user462,User 462,user462@email.com,123456,Bio for user 462
463,user463,User 463,user463@email.com,123456,Bio for user 463
464,user464,User 464,user464@email.com,123456,Bio for user 464
465,user465,User 465,user465@email.com,123456,Bio for user 465
466,user466,User 466,user466@email.com,123456,Bio for user 466
467,user467,User 467,user467@email.com,123456,Bio for user 467
468,user468,User 468,user468@email.com,123456,Bio for user 468
469,user469,User 469,user469@email.com,123456,Bio for user 469
470,user470,User 470,user470@email.com,123456,Bio for user 470
471,user471,User 471,user471@email.com,123456,Bio for user 471
472,user472,User 472,user472@email.com,123456,Bio for user 472
473,user473,User 473,user473@email.com,123456,Bio for user 473
474,user474,User 474,user474@email.com,123456,Bio for user 474
475,user475,User 475,user475@email.com,123456,Bio for user 475
476,user476,User 476,user476@email.com,123456,Bio for user 476
477,user477,User 477,user477@email.com,123456,Bio for user 477
478,user478,User 478,user478@email.com,123456,Bio for user 478
479,user479,User 479,user479@email.com,123456,Bio for user 479
480,user480,User 480,user480@email.com,123456,Bio for user 480
481,user481,User 481,user481@email.com,123456,Bio for user 481
482,user482,User 482,user482@email.com,123456,Bio for user 482
483,user483,User 483,user483@email.com,123456,Bio for user 483
484,user484,User 484,user484@email.com,123456,Bio for user 484
485,user485,User 485,user485@email.com,123456,Bio for user 485
486,user486,User 486,user486@email.com,123456,Bio for user 486
487,user487,User 487,user487@email.com,123456,Bio for user 487
488,user488,User 488,user488@email.com,123456,Bio for user 488
489,user489,User 489,user489@email.com,123456,Bio for user 489
490,user490,User 490,user490@email.com,123456,Bio for user 490
491,user491,User 491,user491@email.com,123456,Bio for user 491
492,user492,User 492,user492@email.com,123456,Bio for user 492
493,user493,User 493,user493@email.com,123456,Bio for user 493
494,user494,User 494,user494@email.com,123456,Bio for user 494
495,user495,User 495,user495@email.com,123456,Bio for user 495
496,user496,User 496,user496@email.com,123456,Bio for user 496
497,user497,User 497,user497@email.com,123456,Bio for user 497
498,user498,User 498,user498@email.com,123456,Bio for user 498
499,user499,User 499,user499@email.com,123456,Bio for user 499
500,user500,User 500,user500@email.com,123456,Bio for user 500
501,user501,User 501,user501@email.com,123456,Bio for user 501
502,user502,User 502,user502@email.com,123456,Bio for user 502
503,user503,User 503,user503@email.com,123456,Bio for user 503
504,user504,User 504,user504@email.com,123456,Bio for user 504
505,user505,User 505,user505@email.com,123456,Bio for user 505
506,user506,User 506,user506@email.com,123456,Bio for user 506
507,user507,User 507,user507@email.com,123456,Bio for user 507
508,user508,User 508,user508@email.com,123456,Bio for user 508
509,user509,User 509,user509@email.com,123456,Bio for user 509
510,user510,User 510,user510@email.com,123456,Bio for user 510
511,user511,User 511,user511@email.com,123456,Bio for user 511
512,user512,User 512,user512@email.com,123456,Bio for user 512
513,user513,User 513,user513@email.com,123456,Bio for user 513
514,user514,User 514,user514@email.com,123456,Bio for user 514
515,user515,User 515,user515@email.com,123456,Bio for user 515
516,user516,User 516,user516@email.com,123456,Bio for user 516
517,user517,User 517,user517@email.com,123456,Bio for user 517
518,user518,User 518,user518@email.com,123456,Bio for user 518
519,user519,User 519,user519@email.com,123456,Bio for user 519
520,user520,User 520,user520@email.com,123456,Bio for user 520
521,user521,User 521,user521@email.com,123456,Bio for user 521
522,user522,User 522,user522@email.com,123456,Bio for user 522
523,user523,User 523,user523@email.com,123456,Bio for user 523
524,user524,User 524,user524@email.com,123456,Bio for user 524
525,user525,User 525,user525@email.com,123456,Bio for user 525
526,user526,User 526,user526@email.com,123456,Bio for user 526
527,user527,User 527,user527@email.com,123456,Bio for user 527
528,user528,User 528,user528@email.com,123456,Bio for user 528
529,user529,User 529,user529@email.com,123456,Bio for user 529
530,user530,User 530,user530@email.com,123456,Bio for user 530
531,user531,User 531,user531@email.com,123456,Bio for user 531
532,user532,User 532,user532@email.com,123456,Bio for user 532
533,user533,User 533,user533@email.com,123456,Bio for user 533
534,user534,User 534,user534@email.com,123456,Bio for user 534
535,user535,User 535,user535@email.com,123456,Bio for user 535
536,user536,User 536,user536@email.com,123456,Bio for user 536
537,user537,User 537,user537@email.com,123456,Bio for user 537
538,user538,User 538,user538@email.com,123456,Bio for user 538
539,user539,User 539,user539@email.com,123456,Bio for user 539
540,user540,User 540,user540@email.com,123456,Bio for user 540
541,user541,User 541,user541@email.com,123456,Bio for user 541
542,user542,User 542,user542@email.com,123456,Bio for user 542
543,user543,User 543,user543@email.com,123456,Bio for user 543
544,user544,User 544,user544@email.com,123456,Bio for user 544
545,user545,User 545,user545@email.com,123456,Bio for user 545
546,user546,User 546,user546@email.com,123456,Bio for user 546
547,user547,User 547,user547@email.com,123456,Bio for user 547
548,user548,User 548,user548@email.com,123456,Bio for user 548
549,user549,User 549,user549@email.com,123456,Bio for user 549
550,user550,User 550,user550@email.com,123456,Bio for user 550
551,user551,User 551,user551@email.com,123456,Bio for user 551
552,user552,User 552,user552@email.com,123456,Bio for user 552
553,user553,User 553,user553@email.com,123456,Bio for user 553
554,user554,User 554,user554@email.com,123456,Bio for user 554
555,user555,User 555,user555@email.com,123456,Bio for user 555
556,user556,User 556,user556@email.com,123456,Bio for user 556
557,user557,User 557,user557@email.com,123456,Bio for user 557
558,user558,User 558,user558@email.com,123456,Bio for user 558
559,user559,User 559,user559@email.com,123456,Bio for user 559
560,user560,User 560,user560@email.com,123456,Bio for user 560
561,user561,User 561,user561@email.com,123456,Bio for user 561
562,user562,User 562,user562@email.com,123456,Bio for user 562
563,user563,User 563,user563@email.com,123456,Bio for user 563
564,user564,User 564,user564@email.com,123456,Bio for user 564
565,user565,User 565,user565@email.com,123456,Bio for user 565
566,user566,User 566,user566@email.com,123456,Bio for user 566
567,user567,User 567,user567@email.com,123456,Bio for user 567
568,user568,User 568,user568@email.com,123456,Bio for user 568
569,user569,User 569,user569@email.com,123456,Bio for user 569
570,user570,User 570,user570@email.com,123456,Bio for user 570
571,user571,User 571,user571@email.com,123456,Bio for user 571
572,user572,User 572,user572@email.com,123456,Bio for user 572
573,user573,User 573,user573@email.com,123456,Bio for user 573
574,user574,User 574,user574@email.com,123456,Bio for user 574
575,user575,User 575,user575@email.com,123456,Bio for user 575
576,user576,User 576,user576@email.com,123456,Bio for user 576
577,user577,User 577,user577@email.com,123456,Bio for user 577
578,user578,User 578,user578@email.com,123456,Bio for user 578
579,user579,User 579,user579@email.com,123456,Bio for user 579
580,user580,User 580,user580@email.com,123456,Bio for user 580
581,user581,User 581,user581@email.com,123456,Bio for user 581
582,user582,User 582,user582@email.com,123456,Bio for user 582
583,user583,User 583,user583@email.com,123456,Bio for user 583
584,user584,User 584,user584@email.com,123456,Bio for user 584
585,user585,User 585,user585@email.com,123456,Bio for user 585
586,user586,User 586,user586@email.com,123456,Bio for user 586
587,user587,User 587,user587@email.com,123456,Bio for user 587
588,user588,User 588,user588@email.com,123456,Bio for user 588
589,user589,User 589,user589@email.com,123456,Bio for user 589
590,user590,User 590,user590@email.com,123456,Bio for user 590
591,user591,User 591,user591@email.com,123456,Bio for user 591
592,user592,User 592,user592@email.com,123456,Bio for user 592
593,user593,User 593,user593@email.com,123456,Bio for user 593
594,user594,User 594,user594@email.com,123456,Bio for user 594
595,user595,User 595,user595@email.com,123456,Bio for user 595
596,user596,User 596,user596@email.com,123456,Bio for user 596
597,user597,User 597,user597@email.com,123456,Bio for user 597
598,user598,User 598,user598@email.com,123456,Bio for user 598
599,user599,User 599,user599@email.com,123456,Bio for user 599
600,user600,User 600,user600@email.com,123456,Bio for user 600
601,user601,User 601,user601@email.com,123456,Bio for user 601
602,user602,User 602,user602@email.com,123456,Bio for user 602
603,user603,User 603,user603@email.com,123456,Bio for user 603
604,user604,User 604,user604@email.com,123456,Bio for user 604
605,user605,User 605,user605@email.com,123456,Bio for user 605
606,user606,User 606,user606@email.com,123456,Bio for user 606
607,user607,User 607,user607@email.com,123456,Bio for user 607
608,user608,User 608,user608@email.com,123456,Bio for user 608
609,user609,User 609,user609@email.com,123456,Bio for user 609
610,user610,User 610,user610@email.com,123456,Bio for user 610
611,user611,User 611,user611@email.com,123456,Bio for user 611
612,user612,User 612,user612@email.com,123456,Bio for user 612
613,user613,User 613,user613@email.com,123456,Bio for user 613
614,user614,User 614,user614@email.com,123456,Bio for user 614
615,user615,User 615,user615@email.com,123456,Bio for user 615
616,user616,User 616,user616@email.com,123456,Bio for user 616
617,user617,User 617,user617@email.com,123456,Bio for user 617
618,user618,User 618,user618@email.com,123456,Bio for user 618
619,user619,User 619,user619@email.com,123456,Bio for user 619
620,user620,User 620,user620@email.com,123456,Bio for user 620
621,user621,User 621,user621@email.com,123456,Bio for user 621
622,user622,User 622,user622@email.com,123456,Bio for user 622
623,user623,User 623,user623@email.com,123456,Bio for user 623
624,user624,User 624,user624@email.com,123456,Bio for user 624
625,user625,User 625,user625@email.com,123456,Bio for user 625
626,user626,User 626,user626@email.com,123456,Bio for user 626
627,user627,User 627,user627@email.com,123456,Bio for user 627
628,user628,User 628,user628@email.com,123456,Bio for user 628
629,user629,User 629,user629@email.com,123456,Bio for user 629
630,user630,User 630,user630@email.com,123456,Bio for user 630
631,user631,User 631,user631@email.com,123456,Bio for user 631
632,user632,User 632,user632@email.com,123456,Bio for user 632
633,user633,User 633,user633@email.com,123456,Bio for user 633
634,user634,User 634,user634@email.com,123456,Bio for user 634
635,user635,User 635,user635@email.com,123456,Bio for user 635
636,user636,User 636,user636@email.com,123456,Bio for user 636
637,user637,User 637,user637@email.com,123456,Bio for user 637
638,user638,User 638,user638@email.com,123456,Bio for user 638
639,user639,User 639,user639@email.com,123456,Bio for user 639
640,user640,User 640,user640@email.com,123456,Bio for user 640
641,user641,User 641,user641@email.com,123456,Bio for user 641
642,user642,User 642,user642@email.com,123456,Bio for user 642
643,user643,User 643,user643@email.com,123456,Bio for user 643
644,user644,User 644,user644@email.com,123456,Bio for user 644
645,user645,User 645,user645@email.com,123456,Bio for user 645
646,user646,User 646,user646@email.com,123456,Bio for user 646
647,user647,User 647,user647@email.com,123456,Bio for user 647
648,user648,User 648,user648@email.com,123456,Bio for user 648
649,user649,User 649,user649@email.com,123456,Bio for user 649
650,user650,User 650,user650@email.com,123456,Bio for user 650
651,user651,User 651,user651@email.com,123456,Bio for user 651
652,user652,User 652,user652@email.com,123456,Bio for user 652
653,user653,User 653,user653@email.com,123456,Bio for user 653
654,user654,User 654,user654@email.com,123456,Bio for user 654
655,user655,User 655,user655@email.com,123456,Bio for user 655
656,user656,User 656,user656@email.com,123456,Bio for user 656
657,user657,User 657,user657@email.com,123456,Bio for user 657
658,user658,User 658,user658@email.com,123456,Bio for user 658
659,user659,User 659,user659@email.com,123456,Bio for user 659
660,user660,User 660,user660@email.com,123456,Bio for user 660
661,user661,User 661,user661@email.com,123456,Bio for user 661
662,user662,User 662,user662@email.com,123456,Bio for user 662
663,user663,User 663,user663@email.com,123456,Bio for user 663
664,user664,User 664,user664@email.com,123456,Bio for user 664
665,user665,User 665,user665@email.com,123456,Bio for user 665
666,user666,User 666,user666@email.com,123456,Bio for user 666
667,user667,User 667,user667@email.com,123456,Bio for user 667
668,user668,User 668,user668@email.com,123456,Bio for user 668
669,user669,User 669,user669@email.com,123456,Bio for user 669
670,user670,User 670,user670@email.com,123456,Bio for user 670
671,user671,User 671,user671@email.com,123456,Bio for user 671
672,user672,User 672,user672@email.com,123456,Bio for user 672
673,user673,User 673,user673@email.com,123456,Bio for user 673
674,user674,User 674,user674@email.com,123456,Bio for user 674
675,user675,User 675,user675@email.com,123456,Bio for user 675
676,user676,User 676,user676@email.com,123456,Bio for user 676
677,user677,User 677,user677@email.com,123456,Bio for user 677
678,user678,User 678,user678@email.com,123456,Bio for user 678
679,user679,User 679,user679@email.com,123456,Bio for user 679
680,user680,User 680,user680@email.com,123456,Bio for user 680
681,user681,User 681,user681@email.com,123456,Bio for user 681
682,user682,User 682,user682@email.com,123456,Bio for user 682
683,user683,User 683,user683@email.com,123456,Bio for user 683
684,user684,User 684,user684@email.com,123456,Bio for user 684
685,user685,User 685,user685@email.com,123456,Bio for user 685
686,user686,User 686,user686@email.com,123456,Bio for user 686
687,user687,User 687,user687@email.com,123456,Bio for user 687
688,user688,User 688,user688@email.com,123456,Bio for user 688
689,user689,User 689,user689@email.com,123456,Bio for user 689
690,user690,User 690,user690@email.com,123456,Bio for user 690
691,user691,User 691,user691@email.com,123456,Bio for user 691
692,user692,User 692,user692@email.com,123456,Bio for user 692
693,user693,User 693,user693@email.com,123456,Bio for user 693
694,user694,User 694,user694@email.com,123456,Bio for user 694
695,user695,User 695,user695@email.com,123456,Bio for user 695
696,user696,User 696,user696@email.com,123456,Bio for user 696
697,user697,User 697,user697@email.com,123456,Bio for user 697
698,user698,User 698,user698@email.com,123456,Bio for user 698
699,user699,User 699,user699@email.com,123456,Bio for user 699
700,user700,User 700,user700@email.com,123456,Bio for user 700
701,user701,User 701,user701@email.com,123456,Bio for user 701
702,user702,User 702,user702@email.com,123456,Bio for user 702
703,user703,User 703,user703@email.com,123456,Bio for user 703
704,user704,User 704,user704@email.com,123456,Bio for user 704
705,user705,User 705,user705@email.com,123456,Bio for user 705
706,user706,User 706,user706@email.com,123456,Bio for user 706
707,user707,User 707,user707@email.com,123456,Bio for user 707
708,user708,User 708,user708@email.com,123456,Bio for user 708
709,user709,User 709,user709@email.com,123456,Bio for user 709
710,user710,User 710,user710@email.com,123456,Bio for user 710
711,user711,User 711,user711@email.com,123456,Bio for user 711
712,user712,User 712,user712@email.com,123456,Bio for user 712
713,user713,User 713,user713@email.com,123456,Bio for user 713
714,user714,User 714,user714@email.com,123456,Bio for user 714
715,user715,User 715,user715@email.com,123456,Bio for user 715
716,user716,User 716,user716@email.com,123456,Bio for user 716
717,user717,User 717,user717@email.com,123456,Bio for user 717
718,user718,User 718,user718@email.com,123456,Bio for user 718
719,user719,User 719,user719@email.com,123456,Bio for user 719
720,user720,User 720,user720@email.com,123456,Bio for user 720
721,user721,User 721,user721@email.com,123456,Bio for user 721
722,user722,User 722,user722@email.com,123456,Bio for user 722
723,user723,User 723,user723@email.com,123456,Bio for user 723
724,user724,User 724,user724@email.com,123456,Bio for user 724
725,user725,User 725,user725@email.com,123456,Bio for user 725
726,user726,User 726,user726@email.com,123456,Bio for user 726
727,user727,User 727,user727@email.com,123456,Bio for user 727
728,user728,User 728,user728@email.com,123456,Bio for user 728
729,user729,User 729,user729@email.com,123456,Bio for user 729
730,user730,User 730,user730@email.com,123456,Bio for user 730
731,user731,User 731,user731@email.com,123456,Bio for user 731
732,user732,User 732,user732@email.com,123456,Bio for user 732
733,user733,User 733,user733@email.com,123456,Bio for user 733
734,user734,User 734,user734@email.com,123456,Bio for user 734
735,user735,User 735,user735@email.com,123456,Bio for user 735
736,user736,User 736,user736@email.com,123456,Bio for user 736
737,user737,User 737,user737@email.com,123456,Bio for user 737
738,user738,User 738,user738@email.com,123456,Bio for user 738
739,user739,User 739,user739@email.com,123456,Bio for user 739
740,user740,User 740,user740@email.com,123456,Bio for user 740
741,user741,User 741,user741@email.com,123456,Bio for user 741
742,user742,User 742,user742@email.com,123456,Bio for user 742
743,user743,User 743,user743@email.com,123456,Bio for user 743
744,user744,User 744,user744@email.com,123456,Bio for user 744
745,user745,User 745,user745@email.com,123456,Bio for user 745
746,user746,User 746,user746@email.com,123456,Bio for user 746
747,user747,User 747,user747@email.com,123456,Bio for user 747
748,user748,User 748,user748@email.com,123456,Bio for user 748
749,user749,User 749,user749@email.com,123456,Bio for user 749
750,user750,User 750,user750@email.com,123456,Bio for user 750
751,user751,User 751,user751@email.com,123456,Bio for user 751
752,user752,User 752,user752@email.com,123456,Bio for user 752
753,user753,User 753,user753@email.com,123456,Bio for user 753
754,user754,User 754,user754@email.com,123456,Bio for user 754
755,user755,User 755,user755@email.com,123456,Bio for user 755
756,user756,User 756,user756@email.com,123456,Bio for user 756
757,user757,User 757,user757@email.com,123456,Bio for user 757
758,user758,User 758,user758@email.com,123456,Bio for user 758
759,user759,User 759,user759@email.com,123456,Bio for user 759
760,user760,User 760,user760@email.com,123456,Bio for user 760
761,user761,User 761,user761@email.com,123456,Bio for user 761
762,user762,User 762,user762@email.com,123456,Bio for user 762
763,user763,User 763,user763@email.com,123456,Bio for user 763
764,user764,User 764,user764@email.com,123456,Bio for user 764
765,user765,User 765,user765@email.com,123456,Bio for user 765
766,user766,User 766,user766@email.com,123456,Bio for user 766
767,user767,User 767,user767@email.com,123456,Bio for user 767
768,user768,User 768,user768@email.com,123456,Bio for user 768
769,user769,User 769,user769@email.com,123456,Bio for user 769
770,user770,User 770,user770@email.com,123456,Bio for user 770
771,user771,User 771,user771@email.com,123456,Bio for user 771
772,user772,User 772,user772@email.com,123456,Bio for user 772
773,user773,User 773,user773@email.com,123456,Bio for user 773
774,user774,User 774,user774@email.com,123456,Bio for user 774
775,user775,User 775,user775@email.com,123456,Bio for user 775
776,user776,User 776,user776@email.com,123456,Bio for user 776
777,user777,User 777,user777@email.com,123456,Bio for user 777
778,user778,User 778,user778@email.com,123456,Bio for user 778
779,user779,User 779,user779@email.com,123456,Bio for user 779
780,user780,User 780,user780@email.com,123456,Bio for user 780
781,user781,User 781,user781@email.com,123456,Bio for user 781
782,user782,User 782,user782@email.com,123456,Bio for user 782
783,user783,User 783,user783@email.com,123456,Bio for user 783
784,user784,User 784,user784@email.com,123456,Bio for user 784
785,user785,User 785,user785@email.com,123456,Bio for user 785
786,user786,User 786,user786@email.com,123456,Bio for user 786
787,user787,User 787,user787@email.com,123456,Bio for user 787
788,user788,User 788,user788@email.com,123456,Bio for user 788
789,user789,User 789,user789@email.com,123456,Bio for user 789
790,user790,User 790,user790@email.com,123456,Bio for user 790
791,user791,User 791,user791@email.com,123456,Bio for user 791
792,user792,User 792,user792@email.com,123456,Bio for user 792
793,user793,User 793,user793@email.com,123456,Bio for user 793
794,user794,User 794,user794@email.com,123456,Bio for user 794
795,user795,User 795,user795@email.com,123456,Bio for user 795
796,user796,User 796,user796@email.com,123456,Bio for user 796
797,user797,User 797,user797@email.com,123456,Bio for user 797
798,user798,User 798,user798@email.com,123456,Bio for user 798
799,user799,User 799,user799@email.com,123456,Bio for user 799
800,user800,User 800,user800@email.com,123456,Bio for user 800
801,user801,User 801,user801@email.com,123456,Bio for user 801
802,user802,User 802,user802@email.com,123456,Bio for user 802
803,user803,User 803,user803@email.com,123456,Bio for user 803
804,user804,User 804,user804@email.com,123456,Bio for user 804
805,user805,User 805,user805@email.com,123456,Bio for user 805
806,user806,User 806,user806@email.com,123456,Bio for user 806
807,user807,User 807,user807@email.com,123456,Bio for user 807
808,user808,User 808,user808@email.com,123456,Bio for user 808
809,user809,User 809,user809@email.com,123456,Bio for user 809
810,user810,User 810,user810@email.com,123456,Bio for user 810
811,user811,User 811,user811@email.com,123456,Bio for user 811
812,user812,User 812,user812@email.com,123456,Bio for user 812
813,user813,User 813,user813@email.com,123456,Bio for user 813
814,user814,User 814,user814@email.com,123456,Bio for user 814
815,user815,User 815,user815@email.com,123456,Bio for user 815
816,user816,User 816,user816@email.com,123456,Bio for user 816
817,user817,User 817,user817@email.com,123456,Bio for user 817
818,user818,User 818,user818@email.com,123456,Bio for user 818
819,user819,User 819,user819@email.com,123456,Bio for user 819
820,user820,User 820,user820@email.com,123456,Bio for user 820
821,user821,User 821,user821@email.com,123456,Bio for user 821
822,user822,User 822,user822@email.com,123456,Bio for user 822
823,user823,User 823,user823@email.com,123456,Bio for user 823
824,user824,User 824,user824@email.com,123456,Bio for user 824
825,user825,User 825,user825@email.com,123456,Bio for user 825
826,user826,User 826,user826@email.com,123456,Bio for user 826
827,user827,User 827,user827@email.com,123456,Bio for user 827
828,user828,User 828,user828@email.com,123456,Bio for user 828
829,user829,User 829,user829@email.com,123456,Bio for user 829
830,user830,User 830,user830@email.com,123456,Bio for user 830
831,user831,User 831,user831@email.com,123456,Bio for user 831
832,user832,User 832,user832@email.com,123456,Bio for user 832
833,user833,User 833,user833@email.com,123456,Bio for user 833
834,user834,User 834,user834@email.com,123456,Bio for user 834
835,user835,User 835,user835@email.com,123456,Bio for user 835
836,user836,User 836,user836@email.com,123456,Bio for user 836
837,user837,User 837,user837@email.com,123456,Bio for user 837
838,user838,User 838,user838@email.com,123456,Bio for user 838
839,user839,User 839,user839@email.com,123456,Bio for user 839
840,user840,User 840,user840@email.com,123456,Bio for user 840
841,user841,User 841,user841@email.com,123456,Bio for user 841
842,user842,User 842,user842@email.com,123456,Bio for user 842
843,user843,User 843,user843@email.com,123456,Bio for user 843
844,user844,User 844,user844@email.com,123456,Bio for user 844
845,user845,User 845,user845@email.com,123456,Bio for user 845
846,user846,User 846,user846@email.com,123456,Bio for user 846
847,user847,User 847,user847@email.com,123456,Bio for user 847
848,user848,User 848,user848@email.com,123456,Bio for user 848
849,user849,User 849,user849@email.com,123456,Bio for user 849
850,user850,User 850,user850@email.com,123456,Bio for user 850
851,user851,User 851,user851@email.com,123456,Bio for user 851
852,user852,User 852,user852@email.com,123456,Bio for user 852
853,user853,User 853,user853@email.com,123456,Bio for user 853
854,user854,User 854,user854@email.com,123456,Bio for user 854
855,user855,User 855,user855@email.com,123456,Bio for user 855
856,user856,User 856,user856@email.com,123456,Bio for user 856
857,user857,User 857,user857@email.com,123456,Bio for user 857
858,user858,User 858,user858@email.com,123456,Bio for user 858
859,user859,User 859,user859@email.com,123456,Bio for user 859
860,user860,User 860,user860@email.com,123456,Bio for user 860
861,user861,User 861,user861@email.com,123456,Bio for user 861
862,user862,User 862,user862@email.com,123456,Bio for user 862
863,user863,User 863,user863@email.com,123456,Bio for user 863
864,user864,User 864,user864@email.com,123456,Bio for user 864
865,user865,User 865,user865@email.com,123456,Bio for user 865
866,user866,User 866,user866@email.com,123456,Bio for user 866
867,user867,User 867,user867@email.com,123456,Bio for user 867
868,user868,User 868,user868@email.com,123456,Bio for user 868
869,user869,User 869,user869@email.com,123456,Bio for user 869
870,user870,User 870,user870@email.com,123456,Bio for user 870
871,user871,User 871,user871@email.com,123456,Bio for user 871
872,user872,User 872,user872@email.com,123456,Bio for user 872
873,user873,User 873,user873@email.com,123456,Bio for user 873
874,user874,User 874,user874@email.com,123456,Bio for user 874
875,user875,User 875,user875@email.com,123456,Bio for user 875
876,user876,User 876,user876@email.com,123456,Bio for user 876
877,user877,User 877,user877@email.com,123456,Bio for user 877
878,user878,User 878,user878@email.com,123456,Bio for user 878
879,user879,User 879,user879@email.com,123456,Bio for user 879
880,user880,User 880,user880@email.com,123456,Bio for user 880
881,user881,User 881,user881@email.com,123456,Bio for user 881
882,user882,User 882,user882@email.com,123456,Bio for user 882
883,user883,User 883,user883@email.com,123456,Bio for user 883
884,user884,User 884,user884@email.com,123456,Bio for user 884
885,user885,User 885,user885@email.com,123456,Bio for user 885
886,user886,User 886,user886@email.com,123456,Bio for user 886
887,user887,User 887,user887@email.com,123456,Bio for user 887
888,user888,User 888,user888@email.com,123456,Bio for user 888
889,user889,User 889,user889@email.com,123456,Bio for user 889
890,user890,User 890,user890@email.com,123456,Bio for user 890
891,user891,User 891,user891@email.com,123456,Bio for user 891
892,user892,User 892,user892@email.com,123456,Bio for user 892
893,user893,User 893,user893@email.com,123456,Bio for user 893
894,user894,User 894,user894@email.com,123456,Bio for user 894
895,user895,User 895,user895@email.com,123456,Bio for user 895
896,user896,User 896,user896@email.com,123456,Bio for user 896
897,user897,User 897,user897@email.com,123456,Bio for user 897
898,user898,User 898,user898@email.com,123456,Bio for user 898
899,user899,User 899,user899@email.com,123456,Bio for user 899
900,user900,User 900,user900@email.com,123456,Bio for user 900
901,user901,User 901,user901@email.com,123456,Bio for user 901
902,user902,User 902,user902@email.com,123456,Bio for user 902
903,user903,User 903,user903@email.com,123456,Bio for user 903
904,user904,User 904,user904@email.com,123456,Bio for user 904
905,user905,User 905,user905@email.com,123456,Bio for user 905
906,user906,User 906,user906@email.com,123456,Bio for user 906
907,user907,User 907,user907@email.com,123456,Bio for user 907
908,user908,User 908,user908@email.com,123456,Bio for user 908
909,user909,User 909,user909@email.com,123456,Bio for user 909
910,user910,User 910,user910@email.com,123456,Bio for user 910
911,user911,User 911,user911@email.com,123456,Bio for user 911
912,user912,User 912,user912@email.com,123456,Bio for user 912
913,user913,User 913,user913@email.com,123456,Bio for user 913
914,user914,User 914,user914@email.com,123456,Bio for user 914
915,user915,User 915,user915@email.com,123456,Bio for user 915
916,user916,User 916,user916@email.com,123456,Bio for user 916
917,user917,User 917,user917@email.com,123456,Bio for user 917
918,user918,User 918,user918@email.com,123456,Bio for user 918
919,user919,User 919,user919@email.com,123456,Bio for user 919
920,user920,User 920,user920@email.com,123456,Bio for user 920
921,user921,User 921,user921@email.com,123456,Bio for user 921
922,user922,User 922,user922@email.com,123456,Bio for user 922
923,user923,User 923,user923@email.com,123456,Bio for user 923
924,user924,User 924,user924@email.com,123456,Bio for user 924
925,user925,User 925,user925@email.com,123456,Bio for user 925
926,user926,User 926,user926@email.com,123456,Bio for user 926
927,user927,User 927,user927@email.com,123456,Bio for user 927
928,user928,User 928,user928@email.com,123456,Bio for user 928
929,user929,User 929,user929@email.com,123456,Bio for user 929
930,user930,User 930,user930@email.com,123456,Bio for user 930
931,user931,User 931,user931@email.com,123456,Bio for user 931
932,user932,User 932,user932@email.com,123456,Bio for user 932
933,user933,User 933,user933@email.com,123456,Bio for user 933
934,user934,User 934,user934@email.com,123456,Bio for user 934
935,user935,User 935,user935@email.com,123456,Bio for user 935
936,user936,User 936,user936@email.com,123456,Bio for user 936
937,user937,User 937,user937@email.com,123456,Bio for user 937
938,user938,User 938,user938@email.com,123456,Bio for user 938
939,user939,User 939,user939@email.com,123456,Bio for user 939
940,user940,User 940,user940@email.com,123456,Bio for user 940
941,user941,User 941,user941@email.com,123456,Bio for user 941
942,user942,User 942,user942@email.com,123456,Bio for user 942
943,user943,User 943,user943@email.com,123456,Bio for user 943
944,user944,User 944,user944@email.com,123456,Bio for user 944
945,user945,User 945,user945@email.com,123456,Bio for user 945
946,user946,User 946,user946@email.com,123456,Bio for user 946
947,user947,User 947,user947@email.com,123456,Bio for user 947
948,user948,User 948,user948@email.com,123456,Bio for user 948
949,user949,User 949,user949@email.com,123456,Bio for user 949
950,user950,User 950,user950@email.com,123456,Bio for user 950
951,user951,User 951,user951@email.com,123456,Bio for user 951
952,user952,User 952,user952@email.com,123456,Bio for user 952
953,user953,User 953,user953@email.com,123456,Bio for user 953
954,user954,User 954,user954@email.com,123456,Bio for user 954
955,user955,User 955,user955@email.com,123456,Bio for user 955
956,user956,User 956,user956@email.com,123456,Bio for user 956
957,user957,User 957,user957@email.com,123456,Bio for user 957
958,user958,User 958,user958@email.com,123456,Bio for user 958
959,user959,User 959,user959@email.com,123456,Bio for user 959
960,user960,User 960,user960@email.com,123456,Bio for user 960
961,user961,User 961,user961@email.com,123456,Bio for user 961
962,user962,User 962,user962@email.com,123456,Bio for user 962
963,user963,User 963,user963@email.com,123456,Bio for user 963
964,user964,User 964,user964@email.com,123456,Bio for user 964
965,user965,User 965,user965@email.com,123456,Bio for user 965
966,user966,User 966,user966@email.com,123456,Bio for user 966
967,user967,User 967,user967@email.com,123456,Bio for user 967
968,user968,User 968,user968@email.com,123456,Bio for user 968
969,user969,User 969,user969@email.com,123456,Bio for user 969
970,user970,User 970,user970@email.com,123456,Bio for user 970
971,user971,User 971,user971@email.com,123456,Bio for user 971
972,user972,User 972,user972@email.com,123456,Bio for user 972
973,user973,User 973,user973@email.com,123456,Bio for user 973
974,user974,User 974,user974@email.com,123456,Bio for user 974
975,user975,User 975,user975@email.com,123456,Bio for user 975
976,user976,User 976,user976@email.com,123456,Bio for user 976
977,user977,User 977,user977@email.com,123456,Bio for user 977
978,user978,User 978,user978@email.com,123456,Bio for user 978
979,user979,User 979,user979@email.com,123456,Bio for user 979
980,user980,User 980,user980@email.com,123456,Bio for user 980
981,user981,User 981,user981@email.com,123456,Bio for user 981
982,user982,User 982,user982@email.com,123456,Bio for user 982
983,user983,User 983,user983@email.com,123456,Bio for user 983
984,user984,User 984,user984@email.com,123456,Bio for user 984
985,user985,User 985,user985@email.com,123456,Bio for user 985
986,user986,User 986,user986@email.com,123456,Bio for user 986
987,user987,User 987,user987@email.com,123456,Bio for user 987
988,user988,User 988,user988@email.com,123456,Bio for user 988
989,user989,User 989,user989@email.com,123456,Bio for user 989
990,user990,User 990,user990@email.com,123456,Bio for user 990
991,user991,User 991,user991@email.com,123456,Bio for user 991
992,user992,User 992,user992@email.com,123456,Bio for user 992
993,user993,User 993,user993@email.com,123456,Bio for user 993
994,user994,User 994,user994@email.com,123456,Bio for user 994
995,user995,User 995,user995@email.com,123456,Bio for user 995
996,user996,User 996,user996@email.com,123456,Bio for user 996
997,user997,User 997,user997@email.com,123456,Bio for user 997
998,user998,User 998,user998@email.com,123456,Bio for user 998
999,user999,User 999,user999@email.com,123456,Bio for user 999
1000,user1000,User 1000,user1000@email.com,123456,Bio for user 1000
1001,user1001,User 1001,user1001@email.com,123456,Bio for user 1001
1002,user1002,User 1002,user1002@email.com,123456,Bio for user 1002
1003,user1003,User 1003,user1003@email.com,123456,Bio for user 1003
1004,user1004,User 1004,user1004@email.com,123456,Bio for user 1004
1005,user1005,User 1005,user1005@email.com,123456,Bio for user 1005
1006,user1006,User 1006,user1006@email.com,123456,Bio for user 1006
1007,user1007,User 1007,user1007@email.com,123456,Bio for user 1007
1008,user1008,User 1008,user1008@email.com,123456,Bio for user 1008
1009,user1009,User 1009,user1009@email.com,123456,Bio for user 1009
1010,user1010,User 1010,user1010@email.com,123456,Bio for user 1010
1011,user1011,User 1011,user1011@email.com,123456,Bio for user 1011
1012,user1012,User 1012,user1012@email.com,123456,Bio for user 1012
1013,user1013,User 1013,user1013@email.com,123456,Bio for user 1013
1014,user1014,User 1014,user1014@email.com,123456,Bio for user 1014
1015,user1015,User 1015,user1015@email.com,123456,Bio for user 1015
1016,user1016,User 1016,user1016@email.com,123456,Bio for user 1016
1017,user1017,User 1017,user1017@email.com,123456,Bio for user 1017
1018,user1018,User 1018,user1018@email.com,123456,Bio for user 1018
1019,user1019,User 1019,user1019@email.com,123456,Bio for user 1019
1020,user1020,User 1020,user1020@email.com,123456,Bio for user 1020
1021,user1021,User 1021,user1021@email.com,123456,Bio for user 1021
1022,user1022,User 1022,user1022@email.com,123456,Bio for user 1022
1023,user1023,User 1023,user1023@email.com,123456,Bio for user 1023
1024,user1024,User 1024,user1024@email.com,123456,Bio for user 1024
1025,user1025,User 1025,user1025@email.com,123456,Bio for user 1025
1026,user1026,User 1026,user1026@email.com,123456,Bio for user 1026
1027,user1027,User 1027,user1027@email.com,123456,Bio for user 1027
1028,user1028,User 1028,user1028@email.com,123456,Bio for user 1028
1029,user1029,User 1029,user1029@email.com,123456,Bio for user 1029
1030,user1030,User 1030,user1030@email.com,123456,Bio for user 1030
1031,user1031,User 1031,user1031@email.com,123456,Bio for user 1031
1032,user1032,User 1032,user1032@email.com,123456,Bio for user 1032
1033,user1033,User 1033,user1033@email.com,123456,Bio for user 1033
1034,user1034,User 1034,user1034@email.com,123456,Bio for user 1034
1035,user1035,User 1035,user1035@email.com,123456,Bio for user 1035
1036,user1036,User 1036,user1036@email.com,123456,Bio for user 1036
1037,user1037,User 1037,user1037@email.com,123456,Bio for user 1037
1038,user1038,User 1038,user1038@email.com,123456,Bio for user 1038
1039,user1039,User 1039,user1039@email.com,123456,Bio for user 1039
1040,user1040,User 1040,user1040@email.com,123456,Bio for user 1040
1041,user1041,User 1041,user1041@email.com,123456,Bio for user 1041
1042,user1042,User 1042,user1042@email.com,123456,Bio for user 1042
1043,user1043,User 1043,user1043@email.com,123456,Bio for user 1043
1044,user1044,User 1044,user1044@email.com,123456,Bio for user 1044
1045,user1045,User 1045,user1045@email.com,123456,Bio for user 1045
1046,user1046,User 1046,user1046@email.com,123456,Bio for user 1046
1047,user1047,User 1047,user1047@email.com,123456,Bio for user 1047
1048,user1048,User 1048,user1048@email.com,123456,Bio for user 1048
1049,user1049,User 1049,user1049@email.com,123456,Bio for user 1049
1050,user1050,User 1050,user1050@email.com,123456,Bio for user 1050
1051,user1051,User 1051,user1051@email.com,123456,Bio for user 1051
1052,user1052,User 1052,user1052@email.com,123456,Bio for user 1052
1053,user1053,User 1053,user1053@email.com,123456,Bio for user 1053
1054,user1054,User 1054,user1054@email.com,123456,Bio for user 1054
1055,user1055,User 1055,user1055@email.com,123456,Bio for user 1055
1056,user1056,User 1056,user1056@email.com,123456,Bio for user 1056
1057,user1057,User 1057,user1057@email.com,123456,Bio for user 1057
1058,user1058,User 1058,user1058@email.com,123456,Bio for user 1058
1059,user1059,User 1059,user1059@email.com,123456,Bio for user 1059
1060,user1060,User 1060,user1060@email.com,123456,Bio for user 1060
1061,user1061,User 1061,user1061@email.com,123456,Bio for user 1061
1062,user1062,User 1062,user1062@email.com,123456,Bio for user 1062
1063,user1063,User 1063,user1063@email.com,123456,Bio for user 1063
1064,user1064,User 1064,user1064@email.com,123456,Bio for user 1064
1065,user1065,User 1065,user1065@email.com,123456,Bio for user 1065
1066,user1066,User 1066,user1066@email.com,123456,Bio for user 1066
1067,user1067,User 1067,user1067@email.com,123456,Bio for user 1067
1068,user1068,User 1068,user1068@email.com,123456,Bio for user 1068
1069,user1069,User 1069,user1069@email.com,123456,Bio for user 1069
1070,user1070,User 1070,user1070@email.com,123456,Bio for user 1070
1071,user1071,User 1071,user1071@email.com,123456,Bio for user 1071
1072,user1072,User 1072,user1072@email.com,123456,Bio for user 1072
1073,user1073,User 1073,user1073@email.com,123456,Bio for user 1073
1074,user1074,User 1074,user1074@email.com,123456,Bio for user 1074
1075,user1075,User 1075,user1075@email.com,123456,Bio for user 1075
1076,user1076,User 1076,user1076@email.com,123456,Bio for user 1076
1077,user1077,User 1077,user1077@email.com,123456,Bio for user 1077
1078,user1078,User 1078,user1078@email.com,123456,Bio for user 1078
1079,user1079,User 1079,user1079@email.com,123456,Bio for user 1079
1080,user1080,User 1080,user1080@email.com,123456,Bio for user 1080
1081,user1081,User 1081,user1081@email.com,123456,Bio for user 1081
1082,user1082,User 1082,user1082@email.com,123456,Bio for user 1082
1083,user1083,User 1083,user1083@email.com,123456,Bio for user 1083
1084,user1084,User 1084,user1084@email.com,123456,Bio for user 1084
1085,user1085,User 1085,user1085@email.com,123456,Bio for user 1085
1086,user1086,User 1086,user1086@email.com,123456,Bio for user 1086
1087,user1087,User 1087,user1087@email.com,123456,Bio for user 1087
1088,user1088,User 1088,user1088@email.com,123456,Bio for user 1088
1089,user1089,User 1089,user1089@email.com,123456,Bio for user 1089
1090,user1090,User 1090,user1090@email.com,123456,Bio for user 1090
1091,user1091,User 1091,user1091@email.com,123456,Bio for user 1091
1092,user1092,User 1092,user1092@email.com,123456,Bio for user 1092
1093,user1093,User 1093,user1093@email.com,123456,Bio for user 1093
1094,user1094,User 1094,user1094@email.com,123456,Bio for user 1094
1095,user1095,User 1095,user1095@email.com,123456,Bio for user 1095
1096,user1096,User 1096,user1096@email.com,123456,Bio for user 1096
1097,user1097,User 1097,user1097@email.com,123456,Bio for user 1097
1098,user1098,User 1098,user1098@email.com,123456,Bio for user 1098
1099,user1099,User 1099,user1099@email.com,123456,Bio for user 1099
1100,user1100,User 1100,user1100@email.com,123456,Bio for user 1100
1101,user1101,User 1101,user1101@email.com,123456,Bio for user 1101
1102,user1102,User 1102,user1102@email.com,123456,Bio for user 1102
1103,user1103,User 1103,user1103@email.com,123456,Bio for user 1103
1104,user1104,User 1104,user1104@email.com,123456,Bio for user 1104
1105,user1105,User 1105,user1105@email.com,123456,Bio for user 1105
1106,user1106,User 1106,user1106@email.com,123456,Bio for user 1106
1107,user1107,User 1107,user1107@email.com,123456,Bio for user 1107
1108,user1108,User 1108,user1108@email.com,123456,Bio for user 1108
1109,user1109,User 1109,user1109@email.com,123456,Bio for user 1109
1110,user1110,User 1110,user1110@email.com,123456,Bio for user 1110
1111,user1111,User 1111,user1111@email.com,123456,Bio for user 1111
1112,user1112,User 1112,user1112@email.com,123456,Bio for user 1112
1113,user1113,User 1113,user1113@email.com,123456,Bio for user 1113
1114,user1114,User 1114,user1114@email.com,123456,Bio for user 1114
1115,user1115,User 1115,user1115@email.com,123456,Bio for user 1115
1116,user1116,User 1116,user1116@email.com,123456,Bio for user 1116
1117,user1117,User 1117,user1117@email.com,123456,Bio for user 1117
1118,user1118,User 1118,user1118@email.com,123456,Bio for user 1118
1119,user1119,User 1119,user1119@email.com,123456,Bio for user 1119
1120,user1120,User 1120,user1120@email.com,123456,Bio for user 1120
1121,user1121,User 1121,user1121@email.com,123456,Bio for user 1121
1122,user1122,User 1122,user1122@email.com,123456,Bio for user 1122
1123,user1123,User 1123,user1123@email.com,123456,Bio for user 1123
1124,user1124,User 1124,user1124@email.com,123456,Bio for user 1124
1125,user1125,User 1125,user1125@email.com,123456,Bio for user 1125
1126,user1126,User 1126,user1126@email.com,123456,Bio for user 1126
1127,user1127,User 1127,user1127@email.com,123456,Bio for user 1127
1128,user1128,User 1128,user1128@email.com,123456,Bio for user 1128
1129,user1129,User 1129,user1129@email.com,123456,Bio for user 1129
1130,user1130,User 1130,user1130@email.com,123456,Bio for user 1130
1131,user1131,User 1131,user1131@email.com,123456,Bio for user 1131
1132,user1132,User 1132,user1132@email.com,123456,Bio for user 1132
1133,user1133,User 1133,user1133@email.com,123456,Bio for user 1133
1134,user1134,User 1134,user1134@email.com,123456,Bio for user 1134
1135,user1135,User 1135,user1135@email.com,123456,Bio for user 1135
1136,user1136,User 1136,user1136@email.com,123456,Bio for user 1136
1137,user1137,User 1137,user1137@email.com,123456,Bio for user 1137
1138,user1138,User 1138,user1138@email.com,123456,Bio for user 1138
1139,user1139,User 1139,user1139@email.com,123456,Bio for user 1139
1140,user1140,User 1140,user1140@email.com,123456,Bio for user 1140
1141,user1141,User 1141,user1141@email.com,123456,Bio for user 1141
1142,user1142,User 1142,user1142@email.com,123456,Bio for user 1142
1143,user1143,User 1143,user1143@email.com,123456,Bio for user 1143
1144,user1144,User 1144,user1144@email.com,123456,Bio for user 1144
1145,user1145,User 1145,user1145@email.com,123456,Bio for user 1145
1146,user1146,User 1146,user1146@email.com,123456,Bio for user 1146
1147,user1147,User 1147,user1147@email.com,123456,Bio for user 1147
1148,user1148,User 1148,user1148@email.com,123456,Bio for user 1148
1149,user1149,User 1149,user1149@email.com,123456,Bio for user 1149
1150,user1150,User 1150,user1150@email.com,123456,Bio for user 1150
1151,user1151,User 1151,user1151@email.com,123456,Bio for user 1151
1152,user1152,User 1152,user1152@email.com,123456,Bio for user 1152
1153,user1153,User 1153,user1153@email.com,123456,Bio for user 1153
1154,user1154,User 1154,user1154@email.com,123456,Bio for user 1154
1155,user1155,User 1155,user1155@email.com,123456,Bio for user 1155
1156,user1156,User 1156,user1156@email.com,123456,Bio for user 1156
1157,user1157,User 1157,user1157@email.com,123456,Bio for user 1157
1158,user1158,User 1158,user1158@email.com,123456,Bio for user 1158
1159,user1159,User 1159,user1159@email.com,123456,Bio for user 1159
1160,user1160,User 1160,user1160@email.com,123456,Bio for user 1160
1161,user1161,User 1161,user1161@email.com,123456,Bio for user 1161
1162,user1162,User 1162,user1162@email.com,123456,Bio for user 1162
1163,user1163,User 1163,user1163@email.com,123456,Bio for user 1163
1164,user1164,User 1164,user1164@email.com,123456,Bio for user 1164
1165,user1165,User 1165,user1165@email.com,123456,Bio for user 1165
1166,user1166,User 1166,user1166@email.com,123456,Bio for user 1166
1167,user1167,User 1167,user1167@email.com,123456,Bio for user 1167
1168,user1168,User 1168,user1168@email.com,123456,Bio for user 1168
1169,user1169,User 1169,user1169@email.com,123456,Bio for user 1169
1170,user1170,User 1170,user1170@email.com,123456,Bio for user 1170
1171,user1171,User 1171,user1171@email.com,123456,Bio for user 1171
1172,user1172,User 1172,user1172@email.com,123456,Bio for user 1172
1173,user1173,User 1173,user1173@email.com,123456,Bio for user 1173
1174,user1174,User 1174,user1174@email.com,123456,Bio for user 1174
1175,user1175,User 1175,user1175@email.com,123456,Bio for user 1175
1176,user1176,User 1176,user1176@email.com,123456,Bio for user 1176
1177,user1177,User 1177,user1177@email.com,123456,Bio for user 1177
1178,user1178,User 1178,user1178@email.com,123456,Bio for user 1178
1179,user1179,User 1179,user1179@email.com,123456,Bio for user 1179
1180,user1180,User 1180,user1180@email.com,123456,Bio for user 1180
1181,user1181,User 1181,user1181@email.com,123456,Bio for user 1181
1182,user1182,User 1182,user1182@email.com,123456,Bio for user 1182
1183,user1183,User 1183,user1183@email.com,123456,Bio for user 1183
1184,user1184,User 1184,user1184@email.com,123456,Bio for user 1184
1185,user1185,User 1185,user1185@email.com,123456,Bio for user 1185
1186,user1186,User 1186,user1186@email.com,123456,Bio for user 1186
1187,user1187,User 1187,user1187@email.com,123456,Bio for user 1187
1188,user1188,User 1188,user1188@email.com,123456,Bio for user 1188
1189,user1189,User 1189,user1189@email.com,123456,Bio for user 1189
1190,user1190,User 1190,user1190@email.com,123456,Bio for user 1190
1191,user1191,User 1191,user1191@email.com,123456,Bio for user 1191
1192,user1192,User 1192,user1192@email.com,123456,Bio for user 1192
1193,user1193,User 1193,user1193@email.com,123456,Bio for user 1193
1194,user1194,User 1194,user1194@email.com,123456,Bio for user 1194
1195,user1195,User 1195,user1195@email.com,123456,Bio for user 1195
1196,user1196,User 1196,user1196@email.com,123456,Bio for user 1196
1197,user1197,User 1197,user1197@email.com,123456,Bio for user 1197
1198,user1198,User 1198,user1198@email.com,123456,Bio for user 1198
1199,user1199,User 1199,user1199@email.com,123456,Bio for user 1199
1200,user1200,User 1200,user1200@email.com,123456,Bio for user 1200
1201,user1201,User 1201,user1201@email.com,123456,Bio for user 1201
1202,user1202,User 1202,user1202@email.com,123456,Bio for user 1202
1203,user1203,User 1203,user1203@email.com,123456,Bio for user 1203
1204,user1204,User 1204,user1204@email.com,123456,Bio for user 1204
1205,user1205,User 1205,user1205@email.com,123456,Bio for user 1205
1206,user1206,User 1206,user1206@email.com,123456,Bio for user 1206
1207,user1207,User 1207,user1207@email.com,123456,Bio for user 1207
1208,user1208,User 1208,user1208@email.com,123456,Bio for user 1208
1209,user1209,User 1209,user1209@email.com,123456,Bio for user 1209
1210,user1210,User 1210,user1210@email.com,123456,Bio for user 1210
1211,user1211,User 1211,user1211@email.com,123456,Bio for user 1211
1212,user1212,User 1212,user1212@email.com,123456,Bio for user 1212
1213,user1213,User 1213,user1213@email.com,123456,Bio for user 1213
1214,user1214,User 1214,user1214@email.com,123456,Bio for user 1214
1215,user1215,User 1215,user1215@email.com,123456,Bio for user 1215
1216,user1216,User 1216,user1216@email.com,123456,Bio for user 1216
1217,user1217,User 1217,user1217@email.com,123456,Bio for user 1217
1218,user1218,User 1218,user1218@email.com,123456,Bio for user 1218
1219,user1219,User 1219,user1219@email.com,123456,Bio for user 1219
1220,user1220,User 1220,user1220@email.com,123456,Bio for user 1220
1221,user1221,User 1221,user1221@email.com,123456,Bio for user 1221
1222,user1222,User 1222,user1222@email.com,123456,Bio for user 1222
1223,user1223,User 1223,user1223@email.com,123456,Bio for user 1223
1224,user1224,User 1224,user1224@email.com,123456,Bio for user 1224
1225,user1225,User 1225,user1225@email.com,123456,Bio for user 1225
1226,user1226,User 1226,user1226@email.com,123456,Bio for user 1226
1227,user1227,User 1227,user1227@email.com,123456,Bio for user 1227
1228,user1228,User 1228,user1228@email.com,123456,Bio for user 1228
1229,user1229,User 1229,user1229@email.com,123456,Bio for user 1229
1230,user1230,User 1230,user1230@email.com,123456,Bio for user 1230
1231,user1231,User 1231,user1231@email.com,123456,Bio for user 1231
1232,user1232,User 1232,user1232@email.com,123456,Bio for user 1232
1233,user1233,User 1233,user1233@email.com,123456,Bio for user 1233
1234,user1234,User 1234,user1234@email.com,123456,Bio for user 1234
1235,user1235,User 1235,user1235@email.com,123456,Bio for user 1235
1236,user1236,User 1236,user1236@email.com,123456,Bio for user 1236
1237,user1237,User 1237,user1237@email.com,123456,Bio for user 1237
1238,user1238,User 1238,user1238@email.com,123456,Bio for user 1238
1239,user1239,User 1239,user1239@email.com,123456,Bio for user 1239
1240,user1240,User 1240,user1240@email.com,123456,Bio for user 1240
1241,user1241,User 1241,user1241@email.com,123456,Bio for user 1241
1242,user1242,User 1242,user1242@email.com,123456,Bio for user 1242
1243,user1243,User 1243,user1243@email.com,123456,Bio for user 1243
1244,user1244,User 1244,user1244@email.com,123456,Bio for user 1244
1245,user1245,User 1245,user1245@email.com,123456,Bio for user 1245
1246,user1246,User 1246,user1246@email.com,123456,Bio for user 1246
1247,user1247,User 1247,user1247@email.com,123456,Bio for user 1247
1248,user1248,User 1248,user1248@email.com,123456,Bio for user 1248
1249,user1249,User 1249,user1249@email.com,123456,Bio for user 1249
1250,user1250,User 1250,user1250@email.com,123456,Bio for user 1250
1251,user1251,User 1251,user1251@email.com,123456,Bio for user 1251
1252,user1252,User 1252,user1252@email.com,123456,Bio for user 1252
1253,user1253,User 1253,user1253@email.com,123456,Bio for user 1253
1254,user1254,User 1254,user1254@email.com,123456,Bio for user 1254
1255,user1255,User 1255,user1255@email.com,123456,Bio for user 1255
1256,user1256,User 1256,user1256@email.com,123456,Bio for user 1256
1257,user1257,User 1257,user1257@email.com,123456,Bio for user 1257
1258,user1258,User 1258,user1258@email.com,123456,Bio for user 1258
1259,user1259,User 1259,user1259@email.com,123456,Bio for user 1259
1260,user1260,User 1260,user1260@email.com,123456,Bio for user 1260
1261,user1261,User 1261,user1261@email.com,123456,Bio for user 1261
1262,user1262,User 1262,user1262@email.com,123456,Bio for user 1262
1263,user1263,User 1263,user1263@email.com,123456,Bio for user 1263
1264,user1264,User 1264,user1264@email.com,123456,Bio for user 1264
1265,user1265,User 1265,user1265@email.com,123456,Bio for user 1265
1266,user1266,User 1266,user1266@email.com,123456,Bio for user 1266
1267,user1267,User 1267,user1267@email.com,123456,Bio for user 1267
1268,user1268,User 1268,user1268@email.com,123456,Bio for user 1268
1269,user1269,User 1269,user1269@email.com,123456,Bio for user 1269
1270,user1270,User 1270,user1270@email.com,123456,Bio for user 1270
1271,user1271,User 1271,user1271@email.com,123456,Bio for user 1271
1272,user1272,User 1272,user1272@email.com,123456,Bio for user 1272
1273,user1273,User 1273,user1273@email.com,123456,Bio for user 1273
1274,user1274,User 1274,user1274@email.com,123456,Bio for user 1274
1275,user1275,User 1275,user1275@email.com,123456,Bio for user 1275
1276,user1276,User 1276,user1276@email.com,123456,Bio for user 1276
1277,user1277,User 1277,user1277@email.com,123456,Bio for user 1277
1278,user1278,User 1278,user1278@email.com,123456,Bio for user 1278
1279,user1279,User 1279,user1279@email.com,123456,Bio for user 1279
1280,user1280,User 1280,user1280@email.com,123456,Bio for user 1280
1281,user1281,User 1281,user1281@email.com,123456,Bio for user 1281
1282,user1282,User 1282,user1282@email.com,123456,Bio for user 1282
1283,user1283,User 1283,user1283@email.com,123456,Bio for user 1283
1284,user1284,User 1284,user1284@email.com,123456,Bio for user 1284
1285,user1285,User 1285,user1285@email.com,123456,Bio for user 1285
1286,user1286,User 1286,user1286@email.com,123456,Bio for user 1286
1287,user1287,User 1287,user1287@email.com,123456,Bio for user 1287
1288,user1288,User 1288,user1288@email.com,123456,Bio for user 1288
1289,user1289,User 1289,user1289@email.com,123456,Bio for user 1289
1290,user1290,User 1290,user1290@email.com,123456,Bio for user 1290
1291,user1291,User 1291,user1291@email.com,123456,Bio for user 1291
1292,user1292,User 1292,user1292@email.com,123456,Bio for user 1292
1293,user1293,User 1293,user1293@email.com,123456,Bio for user 1293
1294,user1294,User 1294,user1294@email.com,123456,Bio for user 1294
1295,user1295,User 1295,user1295@email.com,123456,Bio for user 1295
1296,user1296,User 1296,user1296@email.com,123456,Bio for user 1296
1297,user1297,User 1297,user1297@email.com,123456,Bio for user 1297
1298,user1298,User 1298,user1298@email.com,123456,Bio for user 1298
1299,user1299,User 1299,user1299@email.com,123456,Bio for user 1299
1300,user1300,User 1300,user1300@email.com,123456,Bio for user 1300
1301,user1301,User 1301,user1301@email.com,123456,Bio for user 1301
1302,user1302,User 1302,user1302@email.com,123456,Bio for user 1302
1303,user1303,User 1303,user1303@email.com,123456,Bio for user 1303
1304,user1304,User 1304,user1304@email.com,123456,Bio for user 1304
1305,user1305,User 1305,user1305@email.com,123456,Bio for user 1305
1306,user1306,User 1306,user1306@email.com,123456,Bio for user 1306
1307,user1307,User 1307,user1307@email.com,123456,Bio for user 1307
1308,user1308,User 1308,user1308@email.com,123456,Bio for user 1308
1309,user1309,User 1309,user1309@email.com,123456,Bio for user 1309
1310,user1310,User 1310,user1310@email.com,123456,Bio for user 1310
1311,user1311,User 1311,user1311@email.com,123456,Bio for user 1311
1312,user1312,User 1312,user1312@email.com,123456,Bio for user 1312
1313,user1313,User 1313,user1313@email.com,123456,Bio for user 1313
1314,user1314,User 1314,user1314@email.com,123456,Bio for user 1314
1315,user1315,User 1315,user1315@email.com,123456,Bio for user 1315
1316,user1316,User 1316,user1316@email.com,123456,Bio for user 1316
1317,user1317,User 1317,user1317@email.com,123456,Bio for user 1317
1318,user1318,User 1318,user1318@email.com,123456,Bio for user 1318
1319,user1319,User 1319,user1319@email.com,123456,Bio for user 1319
1320,user1320,User 1320,user1320@email.com,123456,Bio for user 1320
1321,user1321,User 1321,user1321@email.com,123456,Bio for user 1321
1322,user1322,User 1322,user1322@email.com,123456,Bio for user 1322
1323,user1323,User 1323,user1323@email.com,123456,Bio for user 1323
1324,user1324,User 1324,user1324@email.com,123456,Bio for user 1324
1325,user1325,User 1325,user1325@email.com,123456,Bio for user 1325
1326,user1326,User 1326,user1326@email.com,123456,Bio for user 1326
1327,user1327,User 1327,user1327@email.com,123456,Bio for user 1327
1328,user1328,User 1328,user1328@email.com,123456,Bio for user 1328
1329,user1329,User 1329,user1329@email.com,123456,Bio for user 1329
1330,user1330,User 1330,user1330@email.com,123456,Bio for user 1330
1331,user1331,User 1331,user1331@email.com,123456,Bio for user 1331
1332,user1332,User 1332,user1332@email.com,123456,Bio for user 1332
1333,user1333,User 1333,user1333@email.com,123456,Bio for user 1333
1334,user1334,User 1334,user1334@email.com,123456,Bio for user 1334
1335,user1335,User 1335,user1335@email.com,123456,Bio for user 1335
1336,user1336,User 1336,user1336@email.com,123456,Bio for user 1336
1337,user1337,User 1337,user1337@email.com,123456,Bio for user 1337
1338,user1338,User 1338,user1338@email.com,123456,Bio for user 1338
1339,user1339,User 1339,user1339@email.com,123456,Bio for user 1339
1340,user1340,User 1340,user1340@email.com,123456,Bio for user 1340
1341,user1341,User 1341,user1341@email.com,123456,Bio for user 1341
1342,user1342,User 1342,user1342@email.com,123456,Bio for user 1342
1343,user1343,User 1343,user1343@email.com,123456,Bio for user 1343
1344,user1344,User 1344,user1344@email.com,123456,Bio for user 1344
1345,user1345,User 1345,user1345@email.com,123456,Bio for user 1345
1346,user1346,User 1346,user1346@email.com,123456,Bio for user 1346
1347,user1347,User 1347,user1347@email.com,123456,Bio for user 1347
1348,user1348,User 1348,user1348@email.com,123456,Bio for user 1348
1349,user1349,User 1349,user1349@email.com,123456,Bio for user 1349
1350,user1350,User 1350,user1350@email.com,123456,Bio for user 1350
1351,user1351,User 1351,user1351@email.com,123456,Bio for user 1351
1352,user1352,User 1352,user1352@email.com,123456,Bio for user 1352
1353,user1353,User 1353,user1353@email.com,123456,Bio for user 1353
1354,user1354,User 1354,user1354@email.com,123456,Bio for user 1354
1355,user1355,User 1355,user1355@email.com,123456,Bio for user 1355
1356,user1356,User 1356,user1356@email.com,123456,Bio for user 1356
1357,user1357,User 1357,user1357@email.com,123456,Bio for user 1357
1358,user1358,User 1358,user1358@email.com,123456,Bio for user 1358
1359,user1359,User 1359,user1359@email.com,123456,Bio for user 1359
1360,user1360,User 1360,user1360@email.com,123456,Bio for user 1360
1361,user1361,User 1361,user1361@email.com,123456,Bio for user 1361
1362,user1362,User 1362,user1362@email.com,123456,Bio for user 1362
1363,user1363,User 1363,user1363@email.com,123456,Bio for user 1363
1364,user1364,User 1364,user1364@email.com,123456,Bio for user 1364
1365,user1365,User 1365,user1365@email.com,123456,Bio for user 1365
1366,user1366,User 1366,user1366@email.com,123456,Bio for user 1366
1367,user1367,User 1367,user1367@email.com,123456,Bio for user 1367
1368,user1368,User 1368,user1368@email.com,123456,Bio for user 1368
1369,user1369,User 1369,user1369@email.com,123456,Bio for user 1369
1370,user1370,User 1370,user1370@email.com,123456,Bio for user 1370
1371,user1371,User 1371,user1371@email.com,123456,Bio for user 1371
1372,user1372,User 1372,user1372@email.com,123456,Bio for user 1372
1373,user1373,User 1373,user1373@email.com,123456,Bio for user 1373
1374,user1374,User 1374,user1374@email.com,123456,Bio for user 1374
1375,user1375,User 1375,user1375@email.com,123456,Bio for user 1375
1376,user1376,User 1376,user1376@email.com,123456,Bio for user 1376
1377,user1377,User 1377,user1377@email.com,123456,Bio for user 1377
1378,user1378,User 1378,user1378@email.com,123456,Bio for user 1378
1379,user1379,User 1379,user1379@email.com,123456,Bio for user 1379
1380,user1380,User 1380,user1380@email.com,123456,Bio for user 1380
1381,user1381,User 1381,user1381@email.com,123456,Bio for user 1381
1382,user1382,User 1382,user1382@email.com,123456,Bio for user 1382
1383,user1383,User 1383,user1383@email.com,123456,Bio for user 1383
1384,user1384,User 1384,user1384@email.com,123456,Bio for user 1384
1385,user1385,User 1385,user1385@email.com,123456,Bio for user 1385
1386,user1386,User 1386,user1386@email.com,123456,Bio for user 1386
1387,user1387,User 1387,user1387@email.com,123456,Bio for user 1387
1388,user1388,User 1388,user1388@email.com,123456,Bio for user 1388
1389,user1389,User 1389,user1389@email.com,123456,Bio for user 1389
1390,user1390,User 1390,user1390@email.com,123456,Bio for user 1390
1391,user1391,User 1391,user1391@email.com,123456,Bio for user 1391
1392,user1392,User 1392,user1392@email.com,123456,Bio for user 1392
1393,user1393,User 1393,user1393@email.com,123456,Bio for user 1393
1394,user1394,User 1394,user1394@email.com,123456,Bio for user 1394
1395,user1395,User 1395,user1395@email.com,123456,Bio for user 1395
1396,user1396,User 1396,user1396@email.com,123456,Bio for user 1396
1397,user1397,User 1397,user1397@email.com,123456,Bio for user 1397
1398,user1398,User 1398,user1398@email.com,123456,Bio for user 1398
1399,user1399,User 1399,user1399@email.com,123456,Bio for user 1399
1400,user1400,User 1400,user1400@email.com,123456,Bio for user 1400
1401,user1401,User 1401,user1401@email.com,123456,Bio for user 1401
1402,user1402,User 1402,user1402@email.com,123456,Bio for user 1402
1403,user1403,User 1403,user1403@email.com,123456,Bio for user 1403
1404,user1404,User 1404,user1404@email.com,123456,Bio for user 1404
1405,user1405,User 1405,user1405@email.com,123456,Bio for user 1405
1406,user1406,User 1406,user1406@email.com,123456,Bio for user 1406
1407,user1407,User 1407,user1407@email.com,123456,Bio for user 1407
1408,user1408,User 1408,user1408@email.com,123456,Bio for user 1408
1409,user1409,User 1409,user1409@email.com,123456,Bio for user 1409
1410,user1410,User 1410,user1410@email.com,123456,Bio for user 1410
1411,user1411,User 1411,user1411@email.com,123456,Bio for user 1411
1412,user1412,User 1412,user1412@email.com,123456,Bio for user 1412
1413,user1413,User 1413,user1413@email.com,123456,Bio for user 1413
1414,user1414,User 1414,user1414@email.com,123456,Bio for user 1414
1415,user1415,User 1415,user1415@email.com,123456,Bio for user 1415
1416,user1416,User 1416,user1416@email.com,123456,Bio for user 1416
1417,user1417,User 1417,user1417@email.com,123456,Bio for user 1417
1418,user1418,User 1418,user1418@email.com,123456,Bio for user 1418
1419,user1419,User 1419,user1419@email.com,123456,Bio for user 1419
1420,user1420,User 1420,user1420@email.com,123456,Bio for user 1420
1421,user1421,User 1421,user1421@email.com,123456,Bio for user 1421
1422,user1422,User 1422,user1422@email.com,123456,Bio for user 1422
1423,user1423,User 1423,user1423@email.com,123456,Bio for user 1423
1424,user1424,User 1424,user1424@email.com,123456,Bio for user 1424
1425,user1425,User 1425,user1425@email.com,123456,Bio for user 1425
1426,user1426,User 1426,user1426@email.com,123456,Bio for user 1426
1427,user1427,User 1427,user1427@email.com,123456,Bio for user 1427
1428,user1428,User 1428,user1428@email.com,123456,Bio for user 1428
1429,user1429,User 1429,user1429@email.com,123456,Bio for user 1429
1430,user1430,User 1430,user1430@email.com,123456,Bio for user 1430
1431,user1431,User 1431,user1431@email.com,123456,Bio for user 1431
1432,user1432,User 1432,user1432@email.com,123456,Bio for user 1432
1433,user1433,User 1433,user1433@email.com,123456,Bio for user 1433
1434,user1434,User 1434,user1434@email.com,123456,Bio for user 1434
1435,user1435,User 1435,user1435@email.com,123456,Bio for user 1435
1436,user1436,User 1436,user1436@email.com,123456,Bio for user 1436
1437,user1437,User 1437,user1437@email.com,123456,Bio for user 1437
1438,user1438,User 1438,user1438@email.com,123456,Bio for user 1438
1439,user1439,User 1439,user1439@email.com,123456,Bio for user 1439
1440,user1440,User 1440,user1440@email.com,123456,Bio for user 1440
1441,user1441,User 1441,user1441@email.com,123456,Bio for user 1441
1442,user1442,User 1442,user1442@email.com,123456,Bio for user 1442
1443,user1443,User 1443,user1443@email.com,123456,Bio for user 1443
1444,user1444,User 1444,user1444@email.com,123456,Bio for user 1444
1445,user1445,User 1445,user1445@email.com,123456,Bio for user 1445
1446,user1446,User 1446,user1446@email.com,123456,Bio for user 1446
1447,user1447,User 1447,user1447@email.com,123456,Bio for user 1447
1448,user1448,User 1448,user1448@email.com,123456,Bio for user 1448
1449,user1449,User 1449,user1449@email.com,123456,Bio for user 1449
1450,user1450,User 1450,user1450@email.com,123456,Bio for user 1450
1451,user1451,User 1451,user1451@email.com,123456,Bio for user 1451
1452,user1452,User 1452,user1452@email.com,123456,Bio for user 1452
1453,user1453,User 1453,user1453@email.com,123456,Bio for user 1453
1454,user1454,User 1454,user1454@email.com,123456,Bio for user 1454
1455,user1455,User 1455,user1455@email.com,123456,Bio for user 1455
1456,user1456,User 1456,user1456@email.com,123456,Bio for user 1456
1457,user1457,User 1457,user1457@email.com,123456,Bio for user 1457
1458,user1458,User 1458,user1458@email.com,123456,Bio for user 1458
1459,user1459,User 1459,user1459@email.com,123456,Bio for user 1459
1460,user1460,User 1460,user1460@email.com,123456,Bio for user 1460
1461,user1461,User 1461,user1461@email.com,123456,Bio for user 1461
1462,user1462,User 1462,user1462@email.com,123456,Bio for user 1462
1463,user1463,User 1463,user1463@email.com,123456,Bio for user 1463
1464,user1464,User 1464,user1464@email.com,123456,Bio for user 1464
1465,user1465,User 1465,user1465@email.com,123456,Bio for user 1465
1466,user1466,User 1466,user1466@email.com,123456,Bio for user 1466
1467,user1467,User 1467,user1467@email.com,123456,Bio for user 1467
1468,user1468,User 1468,user1468@email.com,123456,Bio for user 1468
1469,user1469,User 1469,user1469@email.com,123456,Bio for user 1469
1470,user1470,User 1470,user1470@email.com,123456,Bio for user 1470
1471,user1471,User 1471,user1471@email.com,123456,Bio for user 1471
1472,user1472,User 1472,user1472@email.com,123456,Bio for user 1472
1473,user1473,User 1473,user1473@email.com,123456,Bio for user 1473
1474,user1474,User 1474,user1474@email.com,123456,Bio for user 1474
1475,user1475,User 1475,user1475@email.com,123456,Bio for user 1475
1476,user1476,User 1476,user1476@email.com,123456,Bio for user 1476
1477,user1477,User 1477,user1477@email.com,123456,Bio for user 1477
1478,user1478,User 1478,user1478@email.com,123456,Bio for user 1478
1479,user1479,User 1479,user1479@email.com,123456,Bio for user 1479
1480,user1480,User 1480,user1480@email.com,123456,Bio for user 1480
1481,user1481,User 1481,user1481@email.com,123456,Bio for user 1481
1482,user1482,User 1482,user1482@email.com,123456,Bio for user 1482
1483,user1483,User 1483,user1483@email.com,123456,Bio for user 1483
1484,user1484,User 1484,user1484@email.com,123456,Bio for user 1484
1485,user1485,User 1485,user1485@email.com,123456,Bio for user 1485
1486,user1486,User 1486,user1486@email.com,123456,Bio for user 1486
1487,user1487,User 1487,user1487@email.com,123456,Bio for user 1487
1488,user1488,User 1488,user1488@email.com,123456,Bio for user 1488
1489,user1489,User 1489,user1489@email.com,123456,Bio for user 1489
1490,user1490,User 1490,user1490@email.com,123456,Bio for user 1490
1491,user1491,User 1491,user1491@email.com,123456,Bio for user 1491
1492,user1492,User 1492,user1492@email.com,123456,Bio for user 1492
1493,user1493,User 1493,user1493@email.com,123456,Bio for user 1493
1494,user1494,User 1494,user1494@email.com,123456,Bio for user 1494
1495,user1495,User 1495,user1495@email.com,123456,Bio for user 1495
1496,user1496,User 1496,user1496@email.com,123456,Bio for user 1496
1497,user1497,User 1497,user1497@email.com,123456,Bio for user 1497
1498,user1498,User 1498,user1498@email.com,123456,Bio for user 1498
1499,user1499,User 1499,user1499@email.com,123456,Bio for user 1499
1500,user1500,User 1500,user1500@email.com,123456,Bio for user 1500
1501,user1501,User 1501,user1501@email.com,123456,Bio for user 1501
1502,user1502,User 1502,user1502@email.com,123456,Bio for user 1502
1503,user1503,User 1503,user1503@email.com,123456,Bio for user 1503
1504,user1504,User 1504,user1504@email.com,123456,Bio for user 1504
1505,user1505,User 1505,user1505@email.com,123456,Bio for user 1505
1506,user1506,User 1506,user1506@email.com,123456,Bio for user 1506
1507,user1507,User 1507,user1507@email.com,123456,Bio for user 1507
1508,user1508,User 1508,user1508@email.com,123456,Bio for user 1508
1509,user1509,User 1509,user1509@email.com,123456,Bio for user 1509
1510,user1510,User 1510,user1510@email.com,123456,Bio for user 1510
1511,user1511,User 1511,user1511@email.com,123456,Bio for user 1511
1512,user1512,User 1512,user1512@email.com,123456,Bio for user 1512
1513,user1513,User 1513,user1513@email.com,123456,Bio for user 1513
1514,user1514,User 1514,user1514@email.com,123456,Bio for user 1514
1515,user1515,User 1515,user1515@email.com,123456,Bio for user 1515
1516,user1516,User 1516,user1516@email.com,123456,Bio for user 1516
1517,user1517,User 1517,user1517@email.com,123456,Bio for user 1517
1518,user1518,User 1518,user1518@email.com,123456,Bio for user 1518
1519,user1519,User 1519,user1519@email.com,123456,Bio for user 1519
1520,user1520,User 1520,user1520@email.com,123456,Bio for user 1520
1521,user1521,User 1521,user1521@email.com,123456,Bio for user 1521
1522,user1522,User 1522,user1522@email.com,123456,Bio for user 1522
1523,user1523,User 1523,user1523@email.com,123456,Bio for user 1523
1524,user1524,User 1524,user1524@email.com,123456,Bio for user 1524
1525,user1525,User 1525,user1525@email.com,123456,Bio for user 1525
1526,user1526,User 1526,user1526@email.com,123456,Bio for user 1526
1527,user1527,User 1527,user1527@email.com,123456,Bio for user 1527
1528,user1528,User 1528,user1528@email.com,123456,Bio for user 1528
1529,user1529,User 1529,user1529@email.com,123456,Bio for user 1529
1530,user1530,User 1530,user1530@email.com,123456,Bio for user 1530
1531,user1531,User 1531,user1531@email.com,123456,Bio for user 1531
1532,user1532,User 1532,user1532@email.com,123456,Bio for user 1532
1533,user1533,User 1533,user1533@email.com,123456,Bio for user 1533
1534,user1534,User 1534,user1534@email.com,123456,Bio for user 1534
1535,user1535,User 1535,user1535@email.com,123456,Bio for user 1535
1536,user1536,User 1536,user1536@email.com,123456,Bio for user 1536
1537,user1537,User 1537,user1537@email.com,123456,Bio for user 1537
1538,user1538,User 1538,user1538@email.com,123456,Bio for user 1538
1539,user1539,User 1539,user1539@email.com,123456,Bio for user 1539
1540,user1540,User 1540,user1540@email.com,123456,Bio for user 1540
1541,user1541,User 1541,user1541@email.com,123456,Bio for user 1541
1542,user1542,User 1542,user1542@email.com,123456,Bio for user 1542
1543,user1543,User 1543,user1543@email.com,123456,Bio for user 1543
1544,user1544,User 1544,user1544@email.com,123456,Bio for user 1544
1545,user1545,User 1545,user1545@email.com,123456,Bio for user 1545
1546,user1546,User 1546,user1546@email.com,123456,Bio for user 1546
1547,user1547,User 1547,user1547@email.com,123456,Bio for user 1547
1548,user1548,User 1548,user1548@email.com,123456,Bio for user 1548
1549,user1549,User 1549,user1549@email.com,123456,Bio for user 1549
1550,user1550,User 1550,user1550@email.com,123456,Bio for user 1550
1551,user1551,User 1551,user1551@email.com,123456,Bio for user 1551
1552,user1552,User 1552,user1552@email.com,123456,Bio for user 1552
1553,user1553,User 1553,user1553@email.com,123456,Bio for user 1553
1554,user1554,User 1554,user1554@email.com,123456,Bio for user 1554
1555,user1555,User 1555,user1555@email.com,123456,Bio for user 1555
1556,user1556,User 1556,user1556@email.com,123456,Bio for user 1556
1557,user1557,User 1557,user1557@email.com,123456,Bio for user 1557
1558,user1558,User 1558,user1558@email.com,123456,Bio for user 1558
1559,user1559,User 1559,user1559@email.com,123456,Bio for user 1559
1560,user1560,User 1560,user1560@email.com,123456,Bio for user 1560
1561,user1561,User 1561,user1561@email.com,123456,Bio for user 1561
1562,user1562,User 1562,user1562@email.com,123456,Bio for user 1562
1563,user1563,User 1563,user1563@email.com,123456,Bio for user 1563
1564,user1564,User 1564,user1564@email.com,123456,Bio for user 1564
1565,user1565,User 1565,user1565@email.com,123456,Bio for user 1565
1566,user1566,User 1566,user1566@email.com,123456,Bio for user 1566
1567,user1567,User 1567,user1567@email.com,123456,Bio for user 1567
1568,user1568,User 1568,user1568@email.com,123456,Bio for user 1568
1569,user1569,User 1569,user1569@email.com,123456,Bio for user 1569
1570,user1570,User 1570,user1570@email.com,123456,Bio for user 1570
1571,user1571,User 1571,user1571@email.com,123456,Bio for user 1571
1572,user1572,User 1572,user1572@email.com,123456,Bio for user 1572
1573,user1573,User 1573,user1573@email.com,123456,Bio for user 1573
1574,user1574,User 1574,user1574@email.com,123456,Bio for user 1574
1575,user1575,User 1575,user1575@email.com,123456,Bio for user 1575
1576,user1576,User 1576,user1576@email.com,123456,Bio for user 1576
1577,user1577,User 1577,user1577@email.com,123456,Bio for user 1577
1578,user1578,User 1578,user1578@email.com,123456,Bio for user 1578
1579,user1579,User 1579,user1579@email.com,123456,Bio for user 1579
1580,user1580,User 1580,user1580@email.com,123456,Bio for user 1580
1581,user1581,User 1581,user1581@email.com,123456,Bio for user 1581
1582,user1582,User 1582,user1582@email.com,123456,Bio for user 1582
1583,user1583,User 1583,user1583@email.com,123456,Bio for user 1583
1584,user1584,User 1584,user1584@email.com,123456,Bio for user 1584
1585,user1585,User 1585,user1585@email.com,123456,Bio for user 1585
1586,user1586,User 1586,user1586@email.com,123456,Bio for user 1586
1587,user1587,User 1587,user1587@email.com,123456,Bio for user 1587
1588,user1588,User 1588,user1588@email.com,123456,Bio for user 1588
1589,user1589,User 1589,user1589@email.com,123456,Bio for user 1589
1590,user1590,User 1590,user1590@email.com,123456,Bio for user 1590
1591,user1591,User 1591,user1591@email.com,123456,Bio for user 1591
1592,user1592,User 1592,user1592@email.com,123456,Bio for user 1592
1593,user1593,User 1593,user1593@email.com,123456,Bio for user 1593
1594,user1594,User 1594,user1594@email.com,123456,Bio for user 1594
1595,user1595,User 1595,user1595@email.com,123456,Bio for user 1595
1596,user1596,User 1596,user1596@email.com,123456,Bio for user 1596
1597,user1597,User 1597,user1597@email.com,123456,Bio for user 1597
1598,user1598,User 1598,user1598@email.com,123456,Bio for user 1598
1599,user1599,User 1599,user1599@email.com,123456,Bio for user 1599
1600,user1600,User 1600,user1600@email.com,123456,Bio for user 1600
1601,user1601,User 1601,user1601@email.com,123456,Bio for user 1601
1602,user1602,User 1602,user1602@email.com,123456,Bio for user 1602
1603,user1603,User 1603,user1603@email.com,123456,Bio for user 1603
1604,user1604,User 1604,user1604@email.com,123456,Bio for user 1604
1605,user1605,User 1605,user1605@email.com,123456,Bio for user 1605
1606,user1606,User 1606,user1606@email.com,123456,Bio for user 1606
1607,user1607,User 1607,user1607@email.com,123456,Bio for user 1607
1608,user1608,User 1608,user1608@email.com,123456,Bio for user 1608
1609,user1609,User 1609,user1609@email.com,123456,Bio for user 1609
1610,user1610,User 1610,user1610@email.com,123456,Bio for user 1610
1611,user1611,User 1611,user1611@email.com,123456,Bio for user 1611
1612,user1612,User 1612,user1612@email.com,123456,Bio for user 1612
1613,user1613,User 1613,user1613@email.com,123456,Bio for user 1613
1614,user1614,User 1614,user1614@email.com,123456,Bio for user 1614
1615,user1615,User 1615,user1615@email.com,123456,Bio for user 1615
1616,user1616,User 1616,user1616@email.com,123456,Bio for user 1616
1617,user1617,User 1617,user1617@email.com,123456,Bio for user 1617
1618,user1618,User 1618,user1618@email.com,123456,Bio for user 1618
1619,user1619,User 1619,user1619@email.com,123456,Bio for user 1619
1620,user1620,User 1620,user1620@email.com,123456,Bio for user 1620
1621,user1621,User 1621,user1621@email.com,123456,Bio for user 1621
1622,user1622,User 1622,user1622@email.com,123456,Bio for user 1622
1623,user1623,User 1623,user1623@email.com,123456,Bio for user 1623
1624,user1624,User 1624,user1624@email.com,123456,Bio for user 1624
1625,user1625,User 1625,user1625@email.com,123456,Bio for user 1625
1626,user1626,User 1626,user1626@email.com,123456,Bio for user 1626
1627,user1627,User 1627,user1627@email.com,123456,Bio for user 1627
1628,user1628,User 1628,user1628@email.com,123456,Bio for user 1628
1629,user1629,User 1629,user1629@email.com,123456,Bio for user 1629
1630,user1630,User 1630,user1630@email.com,123456,Bio for user 1630
1631,user1631,User 1631,user1631@email.com,123456,Bio for user 1631
1632,user1632,User 1632,user1632@email.com,123456,Bio for user 1632
1633,user1633,User 1633,user1633@email.com,123456,Bio for user 1633
1634,user1634,User 1634,user1634@email.com,123456,Bio for user 1634
1635,user1635,User 1635,user1635@email.com,123456,Bio for user 1635
1636,user1636,User 1636,user1636@email.com,123456,Bio for user 1636
1637,user1637,User 1637,user1637@email.com,123456,Bio for user 1637
1638,user1638,User 1638,user1638@email.com,123456,Bio for user 1638
1639,user1639,User 1639,user1639@email.com,123456,Bio for user 1639
1640,user1640,User 1640,user1640@email.com,123456,Bio for user 1640
1641,user1641,User 1641,user1641@email.com,123456,Bio for user 1641
1642,user1642,User 1642,user1642@email.com,123456,Bio for user 1642
1643,user1643,User 1643,user1643@email.com,123456,Bio for user 1643
1644,user1644,User 1644,user1644@email.com,123456,Bio for user 1644
1645,user1645,User 1645,user1645@email.com,123456,Bio for user 1645
1646,user1646,User 1646,user1646@email.com,123456,Bio for user 1646
1647,user1647,User 1647,user1647@email.com,123456,Bio for user 1647
1648,user1648,User 1648,user1648@email.com,123456,Bio for user 1648
1649,user1649,User 1649,user1649@email.com,123456,Bio for user 1649
1650,user1650,User 1650,user1650@email.com,123456,Bio for user 1650
1651,user1651,User 1651,user1651@email.com,123456,Bio for user 1651
1652,user1652,User 1652,user1652@email.com,123456,Bio for user 1652
1653,user1653,User 1653,user1653@email.com,123456,Bio for user 1653
1654,user1654,User 1654,user1654@email.com,123456,Bio for user 1654
1655,user1655,User 1655,user1655@email.com,123456,Bio for user 1655
1656,user1656,User 1656,user1656@email.com,123456,Bio for user 1656
1657,user1657,User 1657,user1657@email.com,123456,Bio for user 1657
1658,user1658,User 1658,user1658@email.com,123456,Bio for user 1658
1659,user1659,User 1659,user1659@email.com,123456,Bio for user 1659
1660,user1660,User 1660,user1660@email.com,123456,Bio for user 1660
1661,user1661,User 1661,user1661@email.com,123456,Bio for user 1661
1662,user1662,User 1662,user1662@email.com,123456,Bio for user 1662
1663,user1663,User 1663,user1663@email.com,123456,Bio for user 1663
1664,user1664,User 1664,user1664@email.com,123456,Bio for user 1664
1665,user1665,User 1665,user1665@email.com,123456,Bio for user 1665
1666,user1666,User 1666,user1666@email.com,123456,Bio for user 1666
1667,user1667,User 1667,user1667@email.com,123456,Bio for user 1667
1668,user1668,User 1668,user1668@email.com,123456,Bio for user 1668
1669,user1669,User 1669,user1669@email.com,123456,Bio for user 1669
1670,user1670,User 1670,user1670@email.com,123456,Bio for user 1670
1671,user1671,User 1671,user1671@email.com,123456,Bio for user 1671
1672,user1672,User 1672,user1672@email.com,123456,Bio for user 1672
1673,user1673,User 1673,user1673@email.com,123456,Bio for user 1673
1674,user1674,User 1674,user1674@email.com,123456,Bio for user 1674
1675,user1675,User 1675,user1675@email.com,123456,Bio for user 1675
1676,user1676,User 1676,user1676@email.com,123456,Bio for user 1676
1677,user1677,User 1677,user1677@email.com,123456,Bio for user 1677
1678,user1678,User 1678,user1678@email.com,123456,Bio for user 1678
1679,user1679,User 1679,user1679@email.com,123456,Bio for user 1679
1680,user1680,User 1680,user1680@email.com,123456,Bio for user 1680
1681,user1681,User 1681,user1681@email.com,123456,Bio for user 1681
1682,user1682,User 1682,user1682@email.com,123456,Bio for user 1682
1683,user1683,User 1683,user1683@email.com,123456,Bio for user 1683
1684,user1684,User 1684,user1684@email.com,123456,Bio for user 1684
1685,user1685,User 1685,user1685@email.com,123456,Bio for user 1685
1686,user1686,User 1686,user1686@email.com,123456,Bio for user 1686
1687,user1687,User 1687,user1687@email.com,123456,Bio for user 1687
1688,user1688,User 1688,user1688@email.com,123456,Bio for user 1688
1689,user1689,User 1689,user1689@email.com,123456,Bio for user 1689
1690,user1690,User 1690,user1690@email.com,123456,Bio for user 1690
1691,user1691,User 1691,user1691@email.com,123456,Bio for user 1691
1692,user1692,User 1692,user1692@email.com,123456,Bio for user 1692
1693,user1693,User 1693,user1693@email.com,123456,Bio for user 1693
1694,user1694,User 1694,user1694@email.com,123456,Bio for user 1694
1695,user1695,User 1695,user1695@email.com,123456,Bio for user 1695
1696,user1696,User 1696,user1696@email.com,123456,Bio for user 1696
1697,user1697,User 1697,user1697@email.com,123456,Bio for user 1697
1698,user1698,User 1698,user1698@email.com,123456,Bio for user 1698
1699,user1699,User 1699,user1699@email.com,123456,Bio for user 1699
1700,user1700,User 1700,user1700@email.com,123456,Bio for user 1700
1701,user1701,User 1701,user1701@email.com,123456,Bio for user 1701
1702,user1702,User 1702,user1702@email.com,123456,Bio for user 1702
1703,user1703,User 1703,user1703@email.com,123456,Bio for user 1703
1704,user1704,User 1704,user1704@email.com,123456,Bio for user 1704
1705,user1705,User 1705,user1705@email.com,123456,Bio for user 1705
1706,user1706,User 1706,user1706@email.com,123456,Bio for user 1706
1707,user1707,User 1707,user1707@email.com,123456,Bio for user 1707
1708,user1708,User 1708,user1708@email.com,123456,Bio for user 1708
1709,user1709,User 1709,user1709@email.com,123456,Bio for user 1709
1710,user1710,User 1710,user1710@email.com,123456,Bio for user 1710
1711,user1711,User 1711,user1711@email.com,123456,Bio for user 1711
1712,user1712,User 1712,user1712@email.com,123456,Bio for user 1712
1713,user1713,User 1713,user1713@email.com,123456,Bio for user 1713
1714,user1714,User 1714,user1714@email.com,123456,Bio for user 1714
1715,user1715,User 1715,user1715@email.com,123456,Bio for user 1715
1716,user1716,User 1716,user1716@email.com,123456,Bio for user 1716
1717,user1717,User 1717,user1717@email.com,123456,Bio for user 1717
1718,user1718,User 1718,user1718@email.com,123456,Bio for user 1718
1719,user1719,User 1719,user1719@email.com,123456,Bio for user 1719
1720,user1720,User 1720,user1720@email.com,123456,Bio for user 1720
1721,user1721,User 1721,user1721@email.com,123456,Bio for user 1721
1722,user1722,User 1722,user1722@email.com,123456,Bio for user 1722
1723,user1723,User 1723,user1723@email.com,123456,Bio for user 1723
1724,user1724,User 1724,user1724@email.com,123456,Bio for user 1724
1725,user1725,User 1725,user1725@email.com,123456,Bio for user 1725
1726,user1726,User 1726,user1726@email.com,123456,Bio for user 1726
1727,user1727,User 1727,user1727@email.com,123456,Bio for user 1727
1728,user1728,User 1728,user1728@email.com,123456,Bio for user 1728
1729,user1729,User 1729,user1729@email.com,123456,Bio for user 1729
1730,user1730,User 1730,user1730@email.com,123456,Bio for user 1730
1731,user1731,User 1731,user1731@email.com,123456,Bio for user 1731
1732,user1732,User 1732,user1732@email.com,123456,Bio for user 1732
1733,user1733,User 1733,user1733@email.com,123456,Bio for user 1733
1734,user1734,User 1734,user1734@email.com,123456,Bio for user 1734
1735,user1735,User 1735,user1735@email.com,123456,Bio for user 1735
1736,user1736,User 1736,user1736@email.com,123456,Bio for user 1736
1737,user1737,User 1737,user1737@email.com,123456,Bio for user 1737
1738,user1738,User 1738,user1738@email.com,123456,Bio for user 1738
1739,user1739,User 1739,user1739@email.com,123456,Bio for user 1739
1740,user1740,User 1740,user1740@email.com,123456,Bio for user 1740
1741,user1741,User 1741,user1741@email.com,123456,Bio for user 1741
1742,user1742,User 1742,user1742@email.com,123456,Bio for user 1742
1743,user1743,User 1743,user1743@email.com,123456,Bio for user 1743
1744,user1744,User 1744,user1744@email.com,123456,Bio for user 1744
1745,user1745,User 1745,user1745@email.com,123456,Bio for user 1745
1746,user1746,User 1746,user1746@email.com,123456,Bio for user 1746
1747,user1747,User 1747,user1747@email.com,123456,Bio for user 1747
1748,user1748,User 1748,user1748@email.com,123456,Bio for user 1748
1749,user1749,User 1749,user1749@email.com,123456,Bio for user 1749
1750,user1750,User 1750,user1750@email.com,123456,Bio for user 1750
1751,user1751,User 1751,user1751@email.com,123456,Bio for user 1751
1752,user1752,User 1752,user1752@email.com,123456,Bio for user 1752
1753,user1753,User 1753,user1753@email.com,123456,Bio for user 1753
1754,user1754,User 1754,user1754@email.com,123456,Bio for user 1754
1755,user1755,User 1755,user1755@email.com,123456,Bio for user 1755
1756,user1756,User 1756,user1756@email.com,123456,Bio for user 1756
1757,user1757,User 1757,user1757@email.com,123456,Bio for user 1757
1758,user1758,User 1758,user1758@email.com,123456,Bio for user 1758
1759,user1759,User 1759,user1759@email.com,123456,Bio for user 1759
1760,user1760,User 1760,user1760@email.com,123456,Bio for user 1760
1761,user1761,User 1761,user1761@email.com,123456,Bio for user 1761
1762,user1762,User 1762,user1762@email.com,123456,Bio for user 1762
1763,user1763,User 1763,user1763@email.com,123456,Bio for user 1763
1764,user1764,User 1764,user1764@email.com,123456,Bio for user 1764
1765,user1765,User 1765,user1765@email.com,123456,Bio for user 1765
1766,user1766,User 1766,user1766@email.com,123456,Bio for user 1766
1767,user1767,User 1767,user1767@email.com,123456,Bio for user 1767
1768,user1768,User 1768,user1768@email.com,123456,Bio for user 1768
1769,user1769,User 1769,user1769@email.com,123456,Bio for user 1769
1770,user1770,User 1770,user1770@email.com,123456,Bio for user 1770
1771,user1771,User 1771,user1771@email.com,123456,Bio for user 1771
1772,user1772,User 1772,user1772@email.com,123456,Bio for user 1772
1773,user1773,User 1773,user1773@email.com,123456,Bio for user 1773
1774,user1774,User 1774,user1774@email.com,123456,Bio for user 1774
1775,user1775,User 1775,user1775@email.com,123456,Bio for user 1775
1776,user1776,User 1776,user1776@email.com,123456,Bio for user 1776
1777,user1777,User 1777,user1777@email.com,123456,Bio for user 1777
1778,user1778,User 1778,user1778@email.com,123456,Bio for user 1778
1779,user1779,User 1779,user1779@email.com,123456,Bio for user 1779
1780,user1780,User 1780,user1780@email.com,123456,Bio for user 1780
1781,user1781,User 1781,user1781@email.com,123456,Bio for user 1781
1782,user1782,User 1782,user1782@email.com,123456,Bio for user 1782
1783,user1783,User 1783,user1783@email.com,123456,Bio for user 1783
1784,user1784,User 1784,user1784@email.com,123456,Bio for user 1784
1785,user1785,User 1785,user1785@email.com,123456,Bio for user 1785
1786,user1786,User 1786,user1786@email.com,123456,Bio for user 1786
1787,user1787,User 1787,user1787@email.com,123456,Bio for user 1787
1788,user1788,User 1788,user1788@email.com,123456,Bio for user 1788
1789,user1789,User 1789,user1789@email.com,123456,Bio for user 1789
1790,user1790,User 1790,user1790@email.com,123456,Bio for user 1790
1791,user1791,User 1791,user1791@email.com,123456,Bio for user 1791
1792,user1792,User 1792,user1792@email.com,123456,Bio for user 1792
1793,user1793,User 1793,user1793@email.com,123456,Bio for user 1793
1794,user1794,User 1794,user1794@email.com,123456,Bio for user 1794
1795,user1795,User 1795,user1795@email.com,123456,Bio for user 1795
1796,user1796,User 1796,user1796@email.com,123456,Bio for user 1796
1797,user1797,User 1797,user1797@email.com,123456,Bio for user 1797
1798,user1798,User 1798,user1798@email.com,123456,Bio for user 1798
1799,user1799,User 1799,user1799@email.com,123456,Bio for user 1799
1800,user1800,User 1800,user1800@email.com,123456,Bio for user 1800
1801,user1801,User 1801,user1801@email.com,123456,Bio for user 1801
1802,user1802,User 1802,user1802@email.com,123456,Bio for user 1802
1803,user1803,User 1803,user1803@email.com,123456,Bio for user 1803
1804,user1804,User 1804,user1804@email.com,123456,Bio for user 1804
1805,user1805,User 1805,user1805@email.com,123456,Bio for user 1805
1806,user1806,User 1806,user1806@email.com,123456,Bio for user 1806
1807,user1807,User 1807,user1807@email.com,123456,Bio for user 1807
1808,user1808,User 1808,user1808@email.com,123456,Bio for user 1808
1809,user1809,User 1809,user1809@email.com,123456,Bio for user 1809
1810,user1810,User 1810,user1810@email.com,123456,Bio for user 1810
1811,user1811,User 1811,user1811@email.com,123456,Bio for user 1811
1812,user1812,User 1812,user1812@email.com,123456,Bio for user 1812
1813,user1813,User 1813,user1813@email.com,123456,Bio for user 1813
1814,user1814,User 1814,user1814@email.com,123456,Bio for user 1814
1815,user1815,User 1815,user1815@email.com,123456,Bio for user 1815
1816,user1816,User 1816,user1816@email.com,123456,Bio for user 1816
1817,user1817,User 1817,user1817@email.com,123456,Bio for user 1817
1818,user1818,User 1818,user1818@email.com,123456,Bio for user 1818
1819,user1819,User 1819,user1819@email.com,123456,Bio for user 1819
1820,user1820,User 1820,user1820@email.com,123456,Bio for user 1820
1821,user1821,User 1821,user1821@email.com,123456,Bio for user 1821
1822,user1822,User 1822,user1822@email.com,123456,Bio for user 1822
1823,user1823,User 1823,user1823@email.com,123456,Bio for user 1823
1824,user1824,User 1824,user1824@email.com,123456,Bio for user 1824
1825,user1825,User 1825,user1825@email.com,123456,Bio for user 1825
1826,user1826,User 1826,user1826@email.com,123456,Bio for user 1826
1827,user1827,User 1827,user1827@email.com,123456,Bio for user 1827
1828,user1828,User 1828,user1828@email.com,123456,Bio for user 1828
1829,user1829,User 1829,user1829@email.com,123456,Bio for user 1829
1830,user1830,User 1830,user1830@email.com,123456,Bio for user 1830
1831,user1831,User 1831,user1831@email.com,123456,Bio for user 1831
1832,user1832,User 1832,user1832@email.com,123456,Bio for user 1832
1833,user1833,User 1833,user1833@email.com,123456,Bio for user 1833
1834,user1834,User 1834,user1834@email.com,123456,Bio for user 1834
1835,user1835,User 1835,user1835@email.com,123456,Bio for user 1835
1836,user1836,User 1836,user1836@email.com,123456,Bio for user 1836
1837,user1837,User 1837,user1837@email.com,123456,Bio for user 1837
1838,user1838,User 1838,user1838@email.com,123456,Bio for user 1838
1839,user1839,User 1839,user1839@email.com,123456,Bio for user 1839
1840,user1840,User 1840,user1840@email.com,123456,Bio for user 1840
1841,user1841,User 1841,user1841@email.com,123456,Bio for user 1841
1842,user1842,User 1842,user1842@email.com,123456,Bio for user 1842
1843,user1843,User 1843,user1843@email.com,123456,Bio for user 1843
1844,user1844,User 1844,user1844@email.com,123456,Bio for user 1844
1845,user1845,User 1845,user1845@email.com,123456,Bio for user 1845
1846,user1846,User 1846,user1846@email.com,123456,Bio for user 1846
1847,user1847,User 1847,user1847@email.com,123456,Bio for user 1847
1848,user1848,User 1848,user1848@email.com,123456,Bio for user 1848
1849,user1849,User 1849,user1849@email.com,123456,Bio for user 1849
1850,user1850,User 1850,user1850@email.com,123456,Bio for user 1850
1851,user1851,User 1851,user1851@email.com,123456,Bio for user 1851
1852,user1852,User 1852,user1852@email.com,123456,Bio for user 1852
1853,user1853,User 1853,user1853@email.com,123456,Bio for user 1853
1854,user1854,User 1854,user1854@email.com,123456,Bio for user 1854
1855,user1855,User 1855,user1855@email.com,123456,Bio for user 1855
1856,user1856,User 1856,user1856@email.com,123456,Bio for user 1856
1857,user1857,User 1857,user1857@email.com,123456,Bio for user 1857
1858,user1858,User 1858,user1858@email.com,123456,Bio for user 1858
1859,user1859,User 1859,user1859@email.com,123456,Bio for user 1859
1860,user1860,User 1860,user1860@email.com,123456,Bio for user 1860
1861,user1861,User 1861,user1861@email.com,123456,Bio for user 1861
1862,user1862,User 1862,user1862@email.com,123456,Bio for user 1862
1863,user1863,User 1863,user1863@email.com,123456,Bio for user 1863
1864,user1864,User 1864,user1864@email.com,123456,Bio for user 1864
1865,user1865,User 1865,user1865@email.com,123456,Bio for user 1865
1866,user1866,User 1866,user1866@email.com,123456,Bio for user 1866
1867,user1867,User 1867,user1867@email.com,123456,Bio for user 1867
1868,user1868,User 1868,user1868@email.com,123456,Bio for user 1868
1869,user1869,User 1869,user1869@email.com,123456,Bio for user 1869
1870,user1870,User 1870,user1870@email.com,123456,Bio for user 1870
1871,user1871,User 1871,user1871@email.com,123456,Bio for user 1871
1872,user1872,User 1872,user1872@email.com,123456,Bio for user 1872
1873,user1873,User 1873,user1873@email.com,123456,Bio for user 1873
1874,user1874,User 1874,user1874@email.com,123456,Bio for user 1874
1875,user1875,User 1875,user1875@email.com,123456,Bio for user 1875
1876,user1876,User 1876,user1876@email.com,123456,Bio for user 1876
1877,user1877,User 1877,user1877@email.com,123456,Bio for user 1877
1878,user1878,User 1878,user1878@email.com,123456,Bio for user 1878
1879,user1879,User 1879,user1879@email.com,123456,Bio for user 1879
1880,user1880,User 1880,user1880@email.com,123456,Bio for user 1880
1881,user1881,User 1881,user1881@email.com,123456,Bio for user 1881
1882,user1882,User 1882,user1882@email.com,123456,Bio for user 1882
1883,user1883,User 1883,user1883@email.com,123456,Bio for user 1883
1884,user1884,User 1884,user1884@email.com,123456,Bio for user 1884
1885,user1885,User 1885,user1885@email.com,123456,Bio for user 1885
1886,user1886,User 1886,user1886@email.com,123456,Bio for user 1886
1887,user1887,User 1887,user1887@email.com,123456,Bio for user 1887
1888,user1888,User 1888,user1888@email.com,123456,Bio for user 1888
1889,user1889,User 1889,user1889@email.com,123456,Bio for user 1889
1890,user1890,User 1890,user1890@email.com,123456,Bio for user 1890
1891,user1891,User 1891,user1891@email.com,123456,Bio for user 1891
1892,user1892,User 1892,user1892@email.com,123456,Bio for user 1892
1893,user1893,User 1893,user1893@email.com,123456,Bio for user 1893
1894,user1894,User 1894,user1894@email.com,123456,Bio for user 1894
1895,user1895,User 1895,user1895@email.com,123456,Bio for user 1895
1896,user1896,User 1896,user1896@email.com,123456,Bio for user 1896
1897,user1897,User 1897,user1897@email.com,123456,Bio for user 1897
1898,user1898,User 1898,user1898@email.com,123456,Bio for user 1898
1899,user1899,User 1899,user1899@email.com,123456,Bio for user 1899
1900,user1900,User 1900,user1900@email.com,123456,Bio for user 1900
1901,user1901,User 1901,user1901@email.com,123456,Bio for user 1901
1902,user1902,User 1902,user1902@email.com,123456,Bio for user 1902
1903,user1903,User 1903,user1903@email.com,123456,Bio for user 1903
1904,user1904,User 1904,user1904@email.com,123456,Bio for user 1904
1905,user1905,User 1905,user1905@email.com,123456,Bio for user 1905
1906,user1906,User 1906,user1906@email.com,123456,Bio for user 1906
1907,user1907,User 1907,user1907@email.com,123456,Bio for user 1907
1908,user1908,User 1908,user1908@email.com,123456,Bio for user 1908
1909,user1909,User 1909,user1909@email.com,123456,Bio for user 1909
1910,user1910,User 1910,user1910@email.com,123456,Bio for user 1910
1911,user1911,User 1911,user1911@email.com,123456,Bio for user 1911
1912,user1912,User 1912,user1912@email.com,123456,Bio for user 1912
1913,user1913,User 1913,user1913@email.com,123456,Bio for user 1913
1914,user1914,User 1914,user1914@email.com,123456,Bio for user 1914
1915,user1915,User 1915,user1915@email.com,123456,Bio for user 1915
1916,user1916,User 1916,user1916@email.com,123456,Bio for user 1916
1917,user1917,User 1917,user1917@email.com,123456,Bio for user 1917
1918,user1918,User 1918,user1918@email.com,123456,Bio for user 1918
1919,user1919,User 1919,user1919@email.com,123456,Bio for user 1919
1920,user1920,User 1920,user1920@email.com,123456,Bio for user 1920
1921,user1921,User 1921,user1921@email.com,123456,Bio for user 1921
1922,user1922,User 1922,user1922@email.com,123456,Bio for user 1922
1923,user1923,User 1923,user1923@email.com,123456,Bio for user 1923
1924,user1924,User 1924,user1924@email.com,123456,Bio for user 1924
1925,user1925,User 1925,user1925@email.com,123456,Bio for user 1925
1926,user1926,User 1926,user1926@email.com,123456,Bio for user 1926
1927,user1927,User 1927,user1927@email.com,123456,Bio for user 1927
1928,user1928,User 1928,user1928@email.com,123456,Bio for user 1928
1929,user1929,User 1929,user1929@email.com,123456,Bio for user 1929
1930,user1930,User 1930,user1930@email.com,123456,Bio for user 1930
1931,user1931,User 1931,user1931@email.com,123456,Bio for user 1931
1932,user1932,User 1932,user1932@email.com,123456,Bio for user 1932
1933,user1933,User 1933,user1933@email.com,123456,Bio for user 1933
1934,user1934,User 1934,user1934@email.com,123456,Bio for user 1934
1935,user1935,User 1935,user1935@email.com,123456,Bio for user 1935
1936,user1936,User 1936,user1936@email.com,123456,Bio for user 1936
1937,user1937,User 1937,user1937@email.com,123456,Bio for user 1937
1938,user1938,User 1938,user1938@email.com,123456,Bio for user 1938
1939,user1939,User 1939,user1939@email.com,123456,Bio for user 1939
1940,user1940,User 1940,user1940@email.com,123456,Bio for user 1940
1941,user1941,User 1941,user1941@email.com,123456,Bio for user 1941
1942,user1942,User 1942,user1942@email.com,123456,Bio for user 1942
1943,user1943,User 1943,user1943@email.com,123456,Bio for user 1943
1944,user1944,User 1944,user1944@email.com,123456,Bio for user 1944
1945,user1945,User 1945,user1945@email.com,123456,Bio for user 1945
1946,user1946,User 1946,user1946@email.com,123456,Bio for user 1946
1947,user1947,User 1947,user1947@email.com,123456,Bio for user 1947
1948,user1948,User 1948,user1948@email.com,123456,Bio for user 1948
1949,user1949,User 1949,user1949@email.com,123456,Bio for user 1949
1950,user1950,User 1950,user1950@email.com,123456,Bio for user 1950
1951,user1951,User 1951,user1951@email.com,123456,Bio for user 1951
1952,user1952,User 1952,user1952@email.com,123456,Bio for user 1952
1953,user1953,User 1953,user1953@email.com,123456,Bio for user 1953
1954,user1954,User 1954,user1954@email.com,123456,Bio for user 1954
1955,user1955,User 1955,user1955@email.com,123456,Bio for user 1955
1956,user1956,User 1956,user1956@email.com,123456,Bio for user 1956
1957,user1957,User 1957,user1957@email.com,123456,Bio for user 1957
1958,user1958,User 1958,user1958@email.com,123456,Bio for user 1958
1959,user1959,User 1959,user1959@email.com,123456,Bio for user 1959
1960,user1960,User 1960,user1960@email.com,123456,Bio for user 1960
1961,user1961,User 1961,user1961@email.com,123456,Bio for user 1961
1962,user1962,User 1962,user1962@email.com,123456,Bio for user 1962
1963,user1963,User 1963,user1963@email.com,123456,Bio for user 1963
1964,user1964,User 1964,user1964@email.com,123456,Bio for user 1964
1965,user1965,User 1965,user1965@email.com,123456,Bio for user 1965
1966,user1966,User 1966,user1966@email.com,123456,Bio for user 1966
1967,user1967,User 1967,user1967@email.com,123456,Bio for user 1967
1968,user1968,User 1968,user1968@email.com,123456,Bio for user 1968
1969,user1969,User 1969,user1969@email.com,123456,Bio for user 1969
1970,user1970,User 1970,user1970@email.com,123456,Bio for user 1970
1971,user1971,User 1971,user1971@email.com,123456,Bio for user 1971
1972,user1972,User 1972,user1972@email.com,123456,Bio for user 1972
1973,user1973,User 1973,user1973@email.com,123456,Bio for user 1973
1974,user1974,User 1974,user1974@email.com,123456,Bio for user 1974
1975,user1975,User 1975,user1975@email.com,123456,Bio for user 1975
1976,user1976,User 1976,user1976@email.com,123456,Bio for user 1976
1977,user1977,User 1977,user1977@email.com,123456,Bio for user 1977
1978,user1978,User 1978,user1978@email.com,123456,Bio for user 1978
1979,user1979,User 1979,user1979@email.com,123456,Bio for user 1979
1980,user1980,User 1980,user1980@email.com,123456,Bio for user 1980
1981,user1981,User 1981,user1981@email.com,123456,Bio for user 1981
1982,user1982,User 1982,user1982@email.com,123456,Bio for user 1982
1983,user1983,User 1983,user1983@email.com,123456,Bio for user 1983
1984,user1984,User 1984,user1984@email.com,123456,Bio for user 1984
1985,user1985,User 1985,user1985@email.com,123456,Bio for user 1985
1986,user1986,User 1986,user1986@email.com,123456,Bio for user 1986
1987,user1987,User 1987,user1987@email.com,123456,Bio for user 1987
1988,user1988,User 1988,user1988@email.com,123456,Bio for user 1988
1989,user1989,User 1989,user1989@email.com,123456,Bio for user 1989
1990,user1990,User 1990,user1990@email.com,123456,Bio for user 1990
1991,user1991,User 1991,user1991@email.com,123456,Bio for user 1991
1992,user1992,User 1992,user1992@email.com,123456,Bio for user 1992
1993,user1993,User 1993,user1993@email.com,123456,Bio for user 1993
1994,user1994,User 1994,user1994@email.com,123456,Bio for user 1994
1995,user1995,User 1995,user1995@email.com,123456,Bio for user 1995
1996,user1996,User 1996,user1996@email.com,123456,Bio for user 1996
1997,user1997,User 1997,user1997@email.com,123456,Bio for user 1997
1998,user1998,User 1998,user1998@email.com,123456,Bio for user 1998
1999,user1999,User 1999,user1999@email.com,123456,Bio for user 1999
2000,user2000,User 2000,user2000@email.com,123456,Bio for user 2000
2001,user2001,User 2001,user2001@email.com,123456,Bio for user 2001
2002,user2002,User 2002,user2002@email.com,123456,Bio for user 2002
2003,user2003,User 2003,user2003@email.com,123456,Bio for user 2003
2004,user2004,User 2004,user2004@email.com,123456,Bio for user 2004
2005,user2005,User 2005,user2005@email.com,123456,Bio for user 2005
2006,user2006,User 2006,user2006@email.com,123456,Bio for user 2006
2007,user2007,User 2007,user2007@email.com,123456,Bio for user 2007
2008,user2008,User 2008,user2008@email.com,123456,Bio for user 2008
2009,user2009,User 2009,user2009@email.com,123456,Bio for user 2009
2010,user2010,User 2010,user2010@email.com,123456,Bio for user 2010
2011,user2011,User 2011,user2011@email.com,123456,Bio for user 2011
2012,user2012,User 2012,user2012@email.com,123456,Bio for user 2012
2013,user2013,User 2013,user2013@email.com,123456,Bio for user 2013
2014,user2014,User 2014,user2014@email.com,123456,Bio for user 2014
2015,user2015,User 2015,user2015@email.com,123456,Bio for user 2015
2016,user2016,User 2016,user2016@email.com,123456,Bio for user 2016
2017,user2017,User 2017,user2017@email.com,123456,Bio for user 2017
2018,user2018,User 2018,user2018@email.com,123456,Bio for user 2018
2019,user2019,User 2019,user2019@email.com,123456,Bio for user 2019
2020,user2020,User 2020,user2020@email.com,123456,Bio for user 2020
2021,user2021,User 2021,user2021@email.com,123456,Bio for user 2021
2022,user2022,User 2022,user2022@email.com,123456,Bio for user 2022
2023,user2023,User 2023,user2023@email.com,123456,Bio for user 2023
2024,user2024,User 2024,user2024@email.com,123456,Bio for user 2024
2025,user2025,User 2025,user2025@email.com,123456,Bio for user 2025
2026,user2026,User 2026,user2026@email.com,123456,Bio for user 2026
2027,user2027,User 2027,user2027@email.com,123456,Bio for user 2027
2028,user2028,User 2028,user2028@email.com,123456,Bio for user 2028
2029,user2029,User 2029,user2029@email.com,123456,Bio for user 2029
2030,user2030,User 2030,user2030@email.com,123456,Bio for user 2030
2031,user2031,User 2031,user2031@email.com,123456,Bio for user 2031
2032,user2032,User 2032,user2032@email.com,123456,Bio for user 2032
2033,user2033,User 2033,user2033@email.com,123456,Bio for user 2033
2034,user2034,User 2034,user2034@email.com,123456,Bio for user 2034
2035,user2035,User 2035,user2035@email.com,123456,Bio for user 2035
2036,user2036,User 2036,user2036@email.com,123456,Bio for user 2036
2037,user2037,User 2037,user2037@email.com,123456,Bio for user 2037
2038,user2038,User 2038,user2038@email.com,123456,Bio for user 2038
2039,user2039,User 2039,user2039@email.com,123456,Bio for user 2039
2040,user2040,User 2040,user2040@email.com,123456,Bio for user 2040
2041,user2041,User 2041,user2041@email.com,123456,Bio for user 2041
2042,user2042,User 2042,user2042@email.com,123456,Bio for user 2042
2043,user2043,User 2043,user2043@email.com,123456,Bio for user 2043
2044,user2044,User 2044,user2044@email.com,123456,Bio for user 2044
2045,user2045,User 2045,user2045@email.com,123456,Bio for user 2045
2046,user2046,User 2046,user2046@email.com,123456,Bio for user 2046
2047,user2047,User 2047,user2047@email.com,123456,Bio for user 2047
2048,user2048,User 2048,user2048@email.com,123456,Bio for user 2048
2049,user2049,User 2049,user2049@email.com,123456,Bio for user 2049
2050,user2050,User 2050,user2050@email.com,123456,Bio for user 2050
2051,user2051,User 2051,user2051@email.com,123456,Bio for user 2051
2052,user2052,User 2052,user2052@email.com,123456,Bio for user 2052
2053,user2053,User 2053,user2053@email.com,123456,Bio for user 2053
2054,user2054,User 2054,user2054@email.com,123456,Bio for user 2054
2055,user2055,User 2055,user2055@email.com,123456,Bio for user 2055
2056,user2056,User 2056,user2056@email.com,123456,Bio for user 2056
2057,user2057,User 2057,user2057@email.com,123456,Bio for user 2057
2058,user2058,User 2058,user2058@email.com,123456,Bio for user 2058
2059,user2059,User 2059,user2059@email.com,123456,Bio for user 2059
2060,user2060,User 2060,user2060@email.com,123456,Bio for user 2060
2061,user2061,User 2061,user2061@email.com,123456,Bio for user 2061
2062,user2062,User 2062,user2062@email.com,123456,Bio for user 2062
2063,user2063,User 2063,user2063@email.com,123456,Bio for user 2063
2064,user2064,User 2064,user2064@email.com,123456,Bio for user 2064
2065,user2065,User 2065,user2065@email.com,123456,Bio for user 2065
2066,user2066,User 2066,user2066@email.com,123456,Bio for user 2066
2067,user2067,User 2067,user2067@email.com,123456,Bio for user 2067
2068,user2068,User 2068,user2068@email.com,123456,Bio for user 2068
2069,user2069,User 2069,user2069@email.com,123456,Bio for user 2069
2070,user2070,User 2070,user2070@email.com,123456,Bio for user 2070
2071,user2071,User 2071,user2071@email.com,123456,Bio for user 2071
2072,user2072,User 2072,user2072@email.com,123456,Bio for user 2072
2073,user2073,User 2073,user2073@email.com,123456,Bio for user 2073
2074,user2074,User 2074,user2074@email.com,123456,Bio for user 2074
2075,user2075,User 2075,user2075@email.com,123456,Bio for user 2075
2076,user2076,User 2076,user2076@email.com,123456,Bio for user 2076
2077,user2077,User 2077,user2077@email.com,123456,Bio for user 2077
2078,user2078,User 2078,user2078@email.com,123456,Bio for user 2078
2079,user2079,User 2079,user2079@email.com,123456,Bio for user 2079
2080,user2080,User 2080,user2080@email.com,123456,Bio for user 2080
2081,user2081,User 2081,user2081@email.com,123456,Bio for user 2081
2082,user2082,User 2082,user2082@email.com,123456,Bio for user 2082
2083,user2083,User 2083,user2083@email.com,123456,Bio for user 2083
2084,user2084,User 2084,user2084@email.com,123456,Bio for user 2084
2085,user2085,User 2085,user2085@email.com,123456,Bio for user 2085
2086,user2086,User 2086,user2086@email.com,123456,Bio for user 2086
2087,user2087,User 2087,user2087@email.com,123456,Bio for user 2087
2088,user2088,User 2088,user2088@email.com,123456,Bio for user 2088
2089,user2089,User 2089,user2089@email.com,123456,Bio for user 2089
2090,user2090,User 2090,user2090@email.com,123456,Bio for user 2090
2091,user2091,User 2091,user2091@email.com,123456,Bio for user 2091
2092,user2092,User 2092,user2092@email.com,123456,Bio for user 2092
2093,user2093,User 2093,user2093@email.com,123456,Bio for user 2093
2094,user2094,User 2094,user2094@email.com,123456,Bio for user 2094
2095,user2095,User 2095,user2095@email.com,123456,Bio for user 2095
2096,user2096,User 2096,user2096@email.com,123456,Bio for user 2096
2097,user2097,User 2097,user2097@email.com,123456,Bio for user 2097
2098,user2098,User 2098,user2098@email.com,123456,Bio for user 2098
2099,user2099,User 2099,user2099@email.com,123456,Bio for user 2099
2100,user2100,User 2100,user2100@email.com,123456,Bio for user 2100
2101,user2101,User 2101,user2101@email.com,123456,Bio for user 2101
2102,user2102,User 2102,user2102@email.com,123456,Bio for user 2102
2103,user2103,User 2103,user2103@email.com,123456,Bio for user 2103
2104,user2104,User 2104,user2104@email.com,123456,Bio for user 2104
2105,user2105,User 2105,user2105@email.com,123456,Bio for user 2105
2106,user2106,User 2106,user2106@email.com,123456,Bio for user 2106
2107,user2107,User 2107,user2107@email.com,123456,Bio for user 2107
2108,user2108,User 2108,user2108@email.com,123456,Bio for user 2108
2109,user2109,User 2109,user2109@email.com,123456,Bio for user 2109
2110,user2110,User 2110,user2110@email.com,123456,Bio for user 2110
2111,user2111,User 2111,user2111@email.com,123456,Bio for user 2111
2112,user2112,User 2112,user2112@email.com,123456,Bio for user 2112
2113,user2113,User 2113,user2113@email.com,123456,Bio for user 2113
2114,user2114,User 2114,user2114@email.com,123456,Bio for user 2114
2115,user2115,User 2115,user2115@email.com,123456,Bio for user 2115
2116,user2116,User 2116,user2116@email.com,123456,Bio for user 2116
2117,user2117,User 2117,user2117@email.com,123456,Bio for user 2117
2118,user2118,User 2118,user2118@email.com,123456,Bio for user 2118
2119,user2119,User 2119,user2119@email.com,123456,Bio for user 2119
2120,user2120,User 2120,user2120@email.com,123456,Bio for user 2120
2121,user2121,User 2121,user2121@email.com,123456,Bio for user 2121
2122,user2122,User 2122,user2122@email.com,123456,Bio for user 2122
2123,user2123,User 2123,user2123@email.com,123456,Bio for user 2123
2124,user2124,User 2124,user2124@email.com,123456,Bio for user 2124
2125,user2125,User 2125,user2125@email.com,123456,Bio for user 2125
2126,user2126,User 2126,user2126@email.com,123456,Bio for user 2126
2127,user2127,User 2127,user2127@email.com,123456,Bio for user 2127
2128,user2128,User 2128,user2128@email.com,123456,Bio for user 2128
2129,user2129,User 2129,user2129@email.com,123456,Bio for user 2129
2130,user2130,User 2130,user2130@email.com,123456,Bio for user 2130
2131,user2131,User 2131,user2131@email.com,123456,Bio for user 2131
2132,user2132,User 2132,user2132@email.com,123456,Bio for user 2132
2133,user2133,User 2133,user2133@email.com,123456,Bio for user 2133
2134,user2134,User 2134,user2134@email.com,123456,Bio for user 2134
2135,user2135,User 2135,user2135@email.com,123456,Bio for user 2135
2136,user2136,User 2136,user2136@email.com,123456,Bio for user 2136
2137,user2137,User 2137,user2137@email.com,123456,Bio for user 2137
2138,user2138,User 2138,user2138@email.com,123456,Bio for user 2138
2139,user2139,User 2139,user2139@email.com,123456,Bio for user 2139
2140,user2140,User 2140,user2140@email.com,123456,Bio for user 2140
2141,user2141,User 2141,user2141@email.com,123456,Bio for user 2141
2142,user2142,User 2142,user2142@email.com,123456,Bio for user 2142
2143,user2143,User 2143,user2143@email.com,123456,Bio for user 2143
2144,user2144,User 2144,user2144@email.com,123456,Bio for user 2144
2145,user2145,User 2145,user2145@email.com,123456,Bio for user 2145
2146,user2146,User 2146,user2146@email.com,123456,Bio for user 2146
2147,user2147,User 2147,user2147@email.com,123456,Bio for user 2147
2148,user2148,User 2148,user2148@email.com,123456,Bio for user 2148
2149,user2149,User 2149,user2149@email.com,123456,Bio for user 2149
2150,user2150,User 2150,user2150@email.com,123456,Bio for user 2150
2151,user2151,User 2151,user2151@email.com,123456,Bio for user 2151
2152,user2152,User 2152,user2152@email.com,123456,Bio for user 2152
2153,user2153,User 2153,user2153@email.com,123456,Bio for user 2153
2154,user2154,User 2154,user2154@email.com,123456,Bio for user 2154
2155,user2155,User 2155,user2155@email.com,123456,Bio for user 2155
2156,user2156,User 2156,user2156@email.com,123456,Bio for user 2156
2157,user2157,User 2157,user2157@email.com,123456,Bio for user 2157
2158,user2158,User 2158,user2158@email.com,123456,Bio for user 2158
2159,user2159,User 2159,user2159@email.com,123456,Bio for user 2159
2160,user2160,User 2160,user2160@email.com,123456,Bio for user 2160
2161,user2161,User 2161,user2161@email.com,123456,Bio for user 2161
2162,user2162,User 2162,user2162@email.com,123456,Bio for user 2162
2163,user2163,User 2163,user2163@email.com,123456,Bio for user 2163
2164,user2164,User 2164,user2164@email.com,123456,Bio for user 2164
2165,user2165,User 2165,user2165@email.com,123456,Bio for user 2165
2166,user2166,User 2166,user2166@email.com,123456,Bio for user 2166
2167,user2167,User 2167,user2167@email.com,123456,Bio for user 2167
2168,user2168,User 2168,user2168@email.com,123456,Bio for user 2168
2169,user2169,User 2169,user2169@email.com,123456,Bio for user 2169
2170,user2170,User 2170,user2170@email.com,123456,Bio for user 2170
2171,user2171,User 2171,user2171@email.com,123456,Bio for user 2171
2172,user2172,User 2172,user2172@email.com,123456,Bio for user 2172
2173,user2173,User 2173,user2173@email.com,123456,Bio for user 2173
2174,user2174,User 2174,user2174@email.com,123456,Bio for user 2174
2175,user2175,User 2175,user2175@email.com,123456,Bio for user 2175
2176,user2176,User 2176,user2176@email.com,123456,Bio for user 2176
2177,user2177,User 2177,user2177@email.com,123456,Bio for user 2177
2178,user2178,User 2178,user2178@email.com,123456,Bio for user 2178
2179,user2179,User 2179,user2179@email.com,123456,Bio for user 2179
2180,user2180,User 2180,user2180@email.com,123456,Bio for user 2180
2181,user2181,User 2181,user2181@email.com,123456,Bio for user 2181
2182,user2182,User 2182,user2182@email.com,123456,Bio for user 2182
2183,user2183,User 2183,user2183@email.com,123456,Bio for user 2183
2184,user2184,User 2184,user2184@email.com,123456,Bio for user 2184
2185,user2185,User 2185,user2185@email.com,123456,Bio for user 2185
2186,user2186,User 2186,user2186@email.com,123456,Bio for user 2186
2187,user2187,User 2187,user2187@email.com,123456,Bio for user 2187
2188,user2188,User 2188,user2188@email.com,123456,Bio for user 2188
2189,user2189,User 2189,user2189@email.com,123456,Bio for user 2189
2190,user2190,User 2190,user2190@email.com,123456,Bio for user 2190
2191,user2191,User 2191,user2191@email.com,123456,Bio for user 2191
2192,user2192,User 2192,user2192@email.com,123456,Bio for user 2192
2193,user2193,User 2193,user2193@email.com,123456,Bio for user 2193
2194,user2194,User 2194,user2194@email.com,123456,Bio for user 2194
2195,user2195,User 2195,user2195@email.com,123456,Bio for user 2195
2196,user2196,User 2196,user2196@email.com,123456,Bio for user 2196
2197,user2197,User 2197,user2197@email.com,123456,Bio for user 2197
2198,user2198,User 2198,user2198@email.com,123456,Bio for user 2198
2199,user2199,User 2199,user2199@email.com,123456,Bio for user 2199
2200,user2200,User 2200,user2200@email.com,123456,Bio for user 2200
2201,user2201,User 2201,user2201@email.com,123456,Bio for user 2201
2202,user2202,User 2202,user2202@email.com,123456,Bio for user 2202
2203,user2203,User 2203,user2203@email.com,123456,Bio for user 2203
2204,user2204,User 2204,user2204@email.com,123456,Bio for user 2204
2205,user2205,User 2205,user2205@email.com,123456,Bio for user 2205
2206,user2206,User 2206,user2206@email.com,123456,Bio for user 2206
2207,user2207,User 2207,user2207@email.com,123456,Bio for user 2207
2208,user2208,User 2208,user2208@email.com,123456,Bio for user 2208
2209,user2209,User 2209,user2209@email.com,123456,Bio for user 2209
2210,user2210,User 2210,user2210@email.com,123456,Bio for user 2210
2211,user2211,User 2211,user2211@email.com,123456,Bio for user 2211
2212,user2212,User 2212,user2212@email.com,123456,Bio for user 2212
2213,user2213,User 2213,user2213@email.com,123456,Bio for user 2213
2214,user2214,User 2214,user2214@email.com,123456,Bio for user 2214
2215,user2215,User 2215,user2215@email.com,123456,Bio for user 2215
2216,user2216,User 2216,user2216@email.com,123456,Bio for user 2216
2217,user2217,User 2217,user2217@email.com,123456,Bio for user 2217
2218,user2218,User 2218,user2218@email.com,123456,Bio for user 2218
2219,user2219,User 2219,user2219@email.com,123456,Bio for user 2219
2220,user2220,User 2220,user2220@email.com,123456,Bio for user 2220
2221,user2221,User 2221,user2221@email.com,123456,Bio for user 2221
2222,user2222,User 2222,user2222@email.com,123456,Bio for user 2222
2223,user2223,User 2223,user2223@email.com,123456,Bio for user 2223
2224,user2224,User 2224,user2224@email.com,123456,Bio for user 2224
2225,user2225,User 2225,user2225@email.com,123456,Bio for user 2225
2226,user2226,User 2226,user2226@email.com,123456,Bio for user 2226
2227,user2227,User 2227,user2227@email.com,123456,Bio for user 2227
2228,user2228,User 2228,user2228@email.com,123456,Bio for user 2228
2229,user2229,User 2229,user2229@email.com,123456,Bio for user 2229
2230,user2230,User 2230,user2230@email.com,123456,Bio for user 2230
2231,user2231,User 2231,user2231@email.com,123456,Bio for user 2231
2232,user2232,User 2232,user2232@email.com,123456,Bio for user 2232
2233,user2233,User 2233,user2233@email.com,123456,Bio for user 2233
2234,user2234,User 2234,user2234@email.com,123456,Bio for user 2234
2235,user2235,User 2235,user2235@email.com,123456,Bio for user 2235
2236,user2236,User 2236,user2236@email.com,123456,Bio for user 2236
2237,user2237,User 2237,user2237@email.com,123456,Bio for user 2237
2238,user2238,User 2238,user2238@email.com,123456,Bio for user 2238
2239,user2239,User 2239,user2239@email.com,123456,Bio for user 2239
2240,user2240,User 2240,user2240@email.com,123456,Bio for user 2240
2241,user2241,User 2241,user2241@email.com,123456,Bio for user 2241
2242,user2242,User 2242,user2242@email.com,123456,Bio for user 2242
2243,user2243,User 2243,user2243@email.com,123456,Bio for user 2243
2244,user2244,User 2244,user2244@email.com,123456,Bio for user 2244
2245,user2245,User 2245,user2245@email.com,123456,Bio for user 2245
2246,user2246,User 2246,user2246@email.com,123456,Bio for user 2246
2247,user2247,User 2247,user2247@email.com,123456,Bio for user 2247
2248,user2248,User 2248,user2248@email.com,123456,Bio for user 2248
2249,user2249,User 2249,user2249@email.com,123456,Bio for user 2249
2250,user2250,User 2250,user2250@email.com,123456,Bio for user 2250
2251,user2251,User 2251,user2251@email.com,123456,Bio for user 2251
2252,user2252,User 2252,user2252@email.com,123456,Bio for user 2252
2253,user2253,User 2253,user2253@email.com,123456,Bio for user 2253
2254,user2254,User 2254,user2254@email.com,123456,Bio for user 2254
2255,user2255,User 2255,user2255@email.com,123456,Bio for user 2255
2256,user2256,User 2256,user2256@email.com,123456,Bio for user 2256
2257,user2257,User 2257,user2257@email.com,123456,Bio for user 2257
2258,user2258,User 2258,user2258@email.com,123456,Bio for user 2258
2259,user2259,User 2259,user2259@email.com,123456,Bio for user 2259
2260,user2260,User 2260,user2260@email.com,123456,Bio for user 2260
2261,user2261,User 2261,user2261@email.com,123456,Bio for user 2261
2262,user2262,User 2262,user2262@email.com,123456,Bio for user 2262
2263,user2263,User 2263,user2263@email.com,123456,Bio for user 2263
2264,user2264,User 2264,user2264@email.com,123456,Bio for user 2264
2265,user2265,User 2265,user2265@email.com,123456,Bio for user 2265
2266,user2266,User 2266,user2266@email.com,123456,Bio for user 2266
2267,user2267,User 2267,user2267@email.com,123456,Bio for user 2267
2268,user2268,User 2268,user2268@email.com,123456,Bio for user 2268
2269,user2269,User 2269,user2269@email.com,123456,Bio for user 2269
2270,user2270,User 2270,user2270@email.com,123456,Bio for user 2270
2271,user2271,User 2271,user2271@email.com,123456,Bio for user 2271
2272,user2272,User 2272,user2272@email.com,123456,Bio for user 2272
2273,user2273,User 2273,user2273@email.com,123456,Bio for user 2273
2274,user2274,User 2274,user2274@email.com,123456,Bio for user 2274
2275,user2275,User 2275,user2275@email.com,123456,Bio for user 2275
2276,user2276,User 2276,user2276@email.com,123456,Bio for user 2276
2277,user2277,User 2277,user2277@email.com,123456,Bio for user 2277
2278,user2278,User 2278,user2278@email.com,123456,Bio for user 2278
2279,user2279,User 2279,user2279@email.com,123456,Bio for user 2279
2280,user2280,User 2280,user2280@email.com,123456,Bio for user 2280
2281,user2281,User 2281,user2281@email.com,123456,Bio for user 2281
2282,user2282,User 2282,user2282@email.com,123456,Bio for user 2282
2283,user2283,User 2283,user2283@email.com,123456,Bio for user 2283
2284,user2284,User 2284,user2284@email.com,123456,Bio for user 2284
2285,user2285,User 2285,user2285@email.com,123456,Bio for user 2285
2286,user2286,User 2286,user2286@email.com,123456,Bio for user 2286
2287,user2287,User 2287,user2287@email.com,123456,Bio for user 2287
2288,user2288,User 2288,user2288@email.com,123456,Bio for user 2288
2289,user2289,User 2289,user2289@email.com,123456,Bio for user 2289
2290,user2290,User 2290,user2290@email.com,123456,Bio for user 2290
2291,user2291,User 2291,user2291@email.com,123456,Bio for user 2291
2292,user2292,User 2292,user2292@email.com,123456,Bio for user 2292
2293,user2293,User 2293,user2293@email.com,123456,Bio for user 2293
2294,user2294,User 2294,user2294@email.com,123456,Bio for user 2294
2295,user2295,User 2295,user2295@email.com,123456,Bio for user 2295
2296,user2296,User 2296,user2296@email.com,123456,Bio for user 2296
2297,user2297,User 2297,user2297@email.com,123456,Bio for user 2297
2298,user2298,User 2298,user2298@email.com,123456,Bio for user 2298
2299,user2299,User 2299,user2299@email.com,123456,Bio for user 2299
2300,user2300,User 2300,user2300@email.com,123456,Bio for user 2300
2301,user2301,User 2301,user2301@email.com,123456,Bio for user 2301
2302,user2302,User 2302,user2302@email.com,123456,Bio for user 2302
2303,user2303,User 2303,user2303@email.com,123456,Bio for user 2303
2304,user2304,User 2304,user2304@email.com,123456,Bio for user 2304
2305,user2305,User 2305,user2305@email.com,123456,Bio for user 2305
2306,user2306,User 2306,user2306@email.com,123456,Bio for user 2306
2307,user2307,User 2307,user2307@email.com,123456,Bio for user 2307
2308,user2308,User 2308,user2308@email.com,123456,Bio for user 2308
2309,user2309,User 2309,user2309@email.com,123456,Bio for user 2309
2310,user2310,User 2310,user2310@email.com,123456,Bio for user 2310
2311,user2311,User 2311,user2311@email.com,123456,Bio for user 2311
2312,user2312,User 2312,user2312@email.com,123456,Bio for user 2312
2313,user2313,User 2313,user2313@email.com,123456,Bio for user 2313
2314,user2314,User 2314,user2314@email.com,123456,Bio for user 2314
2315,user2315,User 2315,user2315@email.com,123456,Bio for user 2315
2316,user2316,User 2316,user2316@email.com,123456,Bio for user 2316
2317,user2317,User 2317,user2317@email.com,123456,Bio for user 2317
2318,user2318,User 2318,user2318@email.com,123456,Bio for user 2318
2319,user2319,User 2319,user2319@email.com,123456,Bio for user 2319
2320,user2320,User 2320,user2320@email.com,123456,Bio for user 2320
2321,user2321,User 2321,user2321@email.com,123456,Bio for user 2321
2322,user2322,User 2322,user2322@email.com,123456,Bio for user 2322
2323,user2323,User 2323,user2323@email.com,123456,Bio for user 2323
2324,user2324,User 2324,user2324@email.com,123456,Bio for user 2324
2325,user2325,User 2325,user2325@email.com,123456,Bio for user 2325
2326,user2326,User 2326,user2326@email.com,123456,Bio for user 2326
2327,user2327,User 2327,user2327@email.com,123456,Bio for user 2327
2328,user2328,User 2328,user2328@email.com,123456,Bio for user 2328
2329,user2329,User 2329,user2329@email.com,123456,Bio for user 2329
2330,user2330,User 2330,user2330@email.com,123456,Bio for user 2330
2331,user2331,User 2331,user2331@email.com,123456,Bio for user 2331
2332,user2332,User 2332,user2332@email.com,123456,Bio for user 2332
2333,user2333,User 2333,user2333@email.com,123456,Bio for user 2333
2334,user2334,User 2334,user2334@email.com,123456,Bio for user 2334
2335,user2335,User 2335,user2335@email.com,123456,Bio for user 2335
2336,user2336,User 2336,user2336@email.com,123456,Bio for user 2336
2337,user2337,User 2337,user2337@email.com,123456,Bio for user 2337
2338,user2338,User 2338,user2338@email.com,123456,Bio for user 2338
2339,user2339,User 2339,user2339@email.com,123456,Bio for user 2339
2340,user2340,User 2340,user2340@email.com,123456,Bio for user 2340
2341,user2341,User 2341,user2341@email.com,123456,Bio for user 2341
2342,user2342,User 2342,user2342@email.com,123456,Bio for user 2342
2343,user2343,User 2343,user2343@email.com,123456,Bio for user 2343
2344,user2344,User 2344,user2344@email.com,123456,Bio for user 2344
2345,user2345,User 2345,user2345@email.com,123456,Bio for user 2345
2346,user2346,User 2346,user2346@email.com,123456,Bio for user 2346
2347,user2347,User 2347,user2347@email.com,123456,Bio for user 2347
2348,user2348,User 2348,user2348@email.com,123456,Bio for user 2348
2349,user2349,User 2349,user2349@email.com,123456,Bio for user 2349
2350,user2350,User 2350,user2350@email.com,123456,Bio for user 2350
2351,user2351,User 2351,user2351@email.com,123456,Bio for user 2351
2352,user2352,User 2352,user2352@email.com,123456,Bio for user 2352
2353,user2353,User 2353,user2353@email.com,123456,Bio for user 2353
2354,user2354,User 2354,user2354@email.com,123456,Bio for user 2354
2355,user2355,User 2355,user2355@email.com,123456,Bio for user 2355
2356,user2356,User 2356,user2356@email.com,123456,Bio for user 2356
2357,user2357,User 2357,user2357@email.com,123456,Bio for user 2357
2358,user2358,User 2358,user2358@email.com,123456,Bio for user 2358
2359,user2359,User 2359,user2359@email.com,123456,Bio for user 2359
2360,user2360,User 2360,user2360@email.com,123456,Bio for user 2360
2361,user2361,User 2361,user2361@email.com,123456,Bio for user 2361
2362,user2362,User 2362,user2362@email.com,123456,Bio for user 2362
2363,user2363,User 2363,user2363@email.com,123456,Bio for user 2363
2364,user2364,User 2364,user2364@email.com,123456,Bio for user 2364
2365,user2365,User 2365,user2365@email.com,123456,Bio for user 2365
2366,user2366,User 2366,user2366@email.com,123456,Bio for user 2366
2367,user2367,User 2367,user2367@email.com,123456,Bio for user 2367
2368,user2368,User 2368,user2368@email.com,123456,Bio for user 2368
2369,user2369,User 2369,user2369@email.com,123456,Bio for user 2369
2370,user2370,User 2370,user2370@email.com,123456,Bio for user 2370
2371,user2371,User 2371,user2371@email.com,123456,Bio for user 2371
2372,user2372,User 2372,user2372@email.com,123456,Bio for user 2372
2373,user2373,User 2373,user2373@email.com,123456,Bio for user 2373
2374,user2374,User 2374,user2374@email.com,123456,Bio for user 2374
2375,user2375,User 2375,user2375@email.com,123456,Bio for user 2375
2376,user2376,User 2376,user2376@email.com,123456,Bio for user 2376
2377,user2377,User 2377,user2377@email.com,123456,Bio for user 2377
2378,user2378,User 2378,user2378@email.com,123456,Bio for user 2378
2379,user2379,User 2379,user2379@email.com,123456,Bio for user 2379
2380,user2380,User 2380,user2380@email.com,123456,Bio for user 2380
2381,user2381,User 2381,user2381@email.com,123456,Bio for user 2381
2382,user2382,User 2382,user2382@email.com,123456,Bio for user 2382
2383,user2383,User 2383,user2383@email.com,123456,Bio for user 2383
2384,user2384,User 2384,user2384@email.com,123456,Bio for user 2384
2385,user2385,User 2385,user2385@email.com,123456,Bio for user 2385
2386,user2386,User 2386,user2386@email.com,123456,Bio for user 2386
2387,user2387,User 2387,user2387@email.com,123456,Bio for user 2387
2388,user2388,User 2388,user2388@email.com,123456,Bio for user 2388
2389,user2389,User 2389,user2389@email.com,123456,Bio for user 2389
2390,user2390,User 2390,user2390@email.com,123456,Bio for user 2390
2391,user2391,User 2391,user2391@email.com,123456,Bio for user 2391
2392,user2392,User 2392,user2392@email.com,123456,Bio for user 2392
2393,user2393,User 2393,user2393@email.com,123456,Bio for user 2393
2394,user2394,User 2394,user2394@email.com,123456,Bio for user 2394
2395,user2395,User 2395,user2395@email.com,123456,Bio for user 2395
2396,user2396,User 2396,user2396@email.com,123456,Bio for user 2396
2397,user2397,User 2397,user2397@email.com,123456,Bio for user 2397
2398,user2398,User 2398,user2398@email.com,123456,Bio for user 2398
2399,user2399,User 2399,user2399@email.com,123456,Bio for user 2399
2400,user2400,User 2400,user2400@email.com,123456,Bio for user 2400
2401,user2401,User 2401,user2401@email.com,123456,Bio for user 2401
2402,user2402,User 2402,user2402@email.com,123456,Bio for user 2402
2403,user2403,User 2403,user2403@email.com,123456,Bio for user 2403
2404,user2404,User 2404,user2404@email.com,123456,Bio for user 2404
2405,user2405,User 2405,user2405@email.com,123456,Bio for user 2405
2406,user2406,User 2406,user2406@email.com,123456,Bio for user 2406
2407,user2407,User 2407,user2407@email.com,123456,Bio for user 2407
2408,user2408,User 2408,user2408@email.com,123456,Bio for user 2408
2409,user2409,User 2409,user2409@email.com,123456,Bio for user 2409
2410,user2410,User 2410,user2410@email.com,123456,Bio for user 2410
2411,user2411,User 2411,user2411@email.com,123456,Bio for user 2411
2412,user2412,User 2412,user2412@email.com,123456,Bio for user 2412
2413,user2413,User 2413,user2413@email.com,123456,Bio for user 2413
2414,user2414,User 2414,user2414@email.com,123456,Bio for user 2414
2415,user2415,User 2415,user2415@email.com,123456,Bio for user 2415
2416,user2416,User 2416,user2416@email.com,123456,Bio for user 2416
2417,user2417,User 2417,user2417@email.com,123456,Bio for user 2417
2418,user2418,User 2418,user2418@email.com,123456,Bio for user 2418
2419,user2419,User 2419,user2419@email.com,123456,Bio for user 2419
2420,user2420,User 2420,user2420@email.com,123456,Bio for user 2420
2421,user2421,User 2421,user2421@email.com,123456,Bio for user 2421
2422,user2422,User 2422,user2422@email.com,123456,Bio for user 2422
2423,user2423,User 2423,user2423@email.com,123456,Bio for user 2423
2424,user2424,User 2424,user2424@email.com,123456,Bio for user 2424
2425,user2425,User 2425,user2425@email.com,123456,Bio for user 2425
2426,user2426,User 2426,user2426@email.com,123456,Bio for user 2426
2427,user2427,User 2427,user2427@email.com,123456,Bio for user 2427
2428,user2428,User 2428,user2428@email.com,123456,Bio for user 2428
2429,user2429,User 2429,user2429@email.com,123456,Bio for user 2429
2430,user2430,User 2430,user2430@email.com,123456,Bio for user 2430
2431,user2431,User 2431,user2431@email.com,123456,Bio for user 2431
2432,user2432,User 2432,user2432@email.com,123456,Bio for user 2432
2433,user2433,User 2433,user2433@email.com,123456,Bio for user 2433
2434,user2434,User 2434,user2434@email.com,123456,Bio for user 2434
2435,user2435,User 2435,user2435@email.com,123456,Bio for user 2435
2436,user2436,User 2436,user2436@email.com,123456,Bio for user 2436
2437,user2437,User 2437,user2437@email.com,123456,Bio for user 2437
2438,user2438,User 2438,user2438@email.com,123456,Bio for user 2438
2439,user2439,User 2439,user2439@email.com,123456,Bio for user 2439
2440,user2440,User 2440,user2440@email.com,123456,Bio for user 2440
2441,user2441,User 2441,user2441@email.com,123456,Bio for user 2441
2442,user2442,User 2442,user2442@email.com,123456,Bio for user 2442
2443,user2443,User 2443,user2443@email.com,123456,Bio for user 2443
2444,user2444,User 2444,user2444@email.com,123456,Bio for user 2444
2445,user2445,User 2445,user2445@email.com,123456,Bio for user 2445
2446,user2446,User 2446,user2446@email.com,123456,Bio for user 2446
2447,user2447,User 2447,user2447@email.com,123456,Bio for user 2447
2448,user2448,User 2448,user2448@email.com,123456,Bio for user 2448
2449,user2449,User 2449,user2449@email.com,123456,Bio for user 2449
2450,user2450,User 2450,user2450@email.com,123456,Bio for user 2450
2451,user2451,User 2451,user2451@email.com,123456,Bio for user 2451
2452,user2452,User 2452,user2452@email.com,123456,Bio for user 2452
2453,user2453,User 2453,user2453@email.com,123456,Bio for user 2453
2454,user2454,User 2454,user2454@email.com,123456,Bio for user 2454
2455,user2455,User 2455,user2455@email.com,123456,Bio for user 2455
2456,user2456,User 2456,user2456@email.com,123456,Bio for user 2456
2457,user2457,User 2457,user2457@email.com,123456,Bio for user 2457
2458,user2458,User 2458,user2458@email.com,123456,Bio for user 2458
2459,user2459,User 2459,user2459@email.com,123456,Bio for user 2459
2460,user2460,User 2460,user2460@email.com,123456,Bio for user 2460
2461,user2461,User 2461,user2461@email.com,123456,Bio for user 2461
2462,user2462,User 2462,user2462@email.com,123456,Bio for user 2462
2463,user2463,User 2463,user2463@email.com,123456,Bio for user 2463
2464,user2464,User 2464,user2464@email.com,123456,Bio for user 2464
2465,user2465,User 2465,user2465@email.com,123456,Bio for user 2465
2466,user2466,User 2466,user2466@email.com,123456,Bio for user 2466
2467,user2467,User 2467,user2467@email.com,123456,Bio for user 2467
2468,user2468,User 2468,user2468@email.com,123456,Bio for user 2468
2469,user2469,User 2469,user2469@email.com,123456,Bio for user 2469
2470,user2470,User 2470,user2470@email.com,123456,Bio for user 2470
2471,user2471,User 2471,user2471@email.com,123456,Bio for user 2471
2472,user2472,User 2472,user2472@email.com,123456,Bio for user 2472
2473,user2473,User 2473,user2473@email.com,123456,Bio for user 2473
2474,user2474,User 2474,user2474@email.com,123456,Bio for user 2474
2475,user2475,User 2475,user2475@email.com,123456,Bio for user 2475
2476,user2476,User 2476,user2476@email.com,123456,Bio for user 2476
2477,user2477,User 2477,user2477@email.com,123456,Bio for user 2477
2478,user2478,User 2478,user2478@email.com,123456,Bio for user 2478
2479,user2479,User 2479,user2479@email.com,123456,Bio for user 2479
2480,user2480,User 2480,user2480@email.com,123456,Bio for user 2480
2481,user2481,User 2481,user2481@email.com,123456,Bio for user 2481
2482,user2482,User 2482,user2482@email.com,123456,Bio for user 2482
2483,user2483,User 2483,user2483@email.com,123456,Bio for user 2483
2484,user2484,User 2484,user2484@email.com,123456,Bio for user 2484
2485,user2485,User 2485,user2485@email.com,123456,Bio for user 2485
2486,user2486,User 2486,user2486@email.com,123456,Bio for user 2486
2487,user2487,User 2487,user2487@email.com,123456,Bio for user 2487
2488,user2488,User 2488,user2488@email.com,123456,Bio for user 2488
2489,user2489,User 2489,user2489@email.com,123456,Bio for user 2489
2490,user2490,User 2490,user2490@email.com,123456,Bio for user 2490
2491,user2491,User 2491,user2491@email.com,123456,Bio for user 2491
2492,user2492,User 2492,user2492@email.com,123456,Bio for user 2492
2493,user2493,User 2493,user2493@email.com,123456,Bio for user 2493
2494,user2494,User 2494,user2494@email.com,123456,Bio for user 2494
2495,user2495,User 2495,user2495@email.com,123456,Bio for user 2495
2496,user2496,User 2496,user2496@email.com,123456,Bio for user 2496
2497,user2497,User 2497,user2497@email.com,123456,Bio for user 2497
2498,user2498,User 2498,user2498@email.com,123456,Bio for user 2498
2499,user2499,User 2499,user2499@email.com,123456,Bio for user 2499
2500,user2500,User 2500,user2500@email.com,123456,Bio for user 2500
2501,user2501,User 2501,user2501@email.com,123456,Bio for user 2501
2502,user2502,User 2502,user2502@email.com,123456,Bio for user 2502
2503,user2503,User 2503,user2503@email.com,123456,Bio for user 2503
2504,user2504,User 2504,user2504@email.com,123456,Bio for user 2504
2505,user2505,User 2505,user2505@email.com,123456,Bio for user 2505
2506,user2506,User 2506,user2506@email.com,123456,Bio for user 2506
2507,user2507,User 2507,user2507@email.com,123456,Bio for user 2507
2508,user2508,User 2508,user2508@email.com,123456,Bio for user 2508
2509,user2509,User 2509,user2509@email.com,123456,Bio for user 2509
2510,user2510,User 2510,user2510@email.com,123456,Bio for user 2510
2511,user2511,User 2511,user2511@email.com,123456,Bio for user 2511
2512,user2512,User 2512,user2512@email.com,123456,Bio for user 2512
2513,user2513,User 2513,user2513@email.com,123456,Bio for user 2513
2514,user2514,User 2514,user2514@email.com,123456,Bio for user 2514
2515,user2515,User 2515,user2515@email.com,123456,Bio for user 2515
2516,user2516,User 2516,user2516@email.com,123456,Bio for user 2516
2517,user2517,User 2517,user2517@email.com,123456,Bio for user 2517
2518,user2518,User 2518,user2518@email.com,123456,Bio for user 2518
2519,user2519,User 2519,user2519@email.com,123456,Bio for user 2519
2520,user2520,User 2520,user2520@email.com,123456,Bio for user 2520
2521,user2521,User 2521,user2521@email.com,123456,Bio for user 2521
2522,user2522,User 2522,user2522@email.com,123456,Bio for user 2522
2523,user2523,User 2523,user2523@email.com,123456,Bio for user 2523
2524,user2524,User 2524,user2524@email.com,123456,Bio for user 2524
2525,user2525,User 2525,user2525@email.com,123456,Bio for user 2525
2526,user2526,User 2526,user2526@email.com,123456,Bio for user 2526
2527,user2527,User 2527,user2527@email.com,123456,Bio for user 2527
2528,user2528,User 2528,user2528@email.com,123456,Bio for user 2528
2529,user2529,User 2529,user2529@email.com,123456,Bio for user 2529
2530,user2530,User 2530,user2530@email.com,123456,Bio for user 2530
2531,user2531,User 2531,user2531@email.com,123456,Bio for user 2531
2532,user2532,User 2532,user2532@email.com,123456,Bio for user 2532
2533,user2533,User 2533,user2533@email.com,123456,Bio for user 2533
2534,user2534,User 2534,user2534@email.com,123456,Bio for user 2534
2535,user2535,User 2535,user2535@email.com,123456,Bio for user 2535
2536,user2536,User 2536,user2536@email.com,123456,Bio for user 2536
2537,user2537,User 2537,user2537@email.com,123456,Bio for user 2537
2538,user2538,User 2538,user2538@email.com,123456,Bio for user 2538
2539,user2539,User 2539,user2539@email.com,123456,Bio for user 2539
2540,user2540,User 2540,user2540@email.com,123456,Bio for user 2540
2541,user2541,User 2541,user2541@email.com,123456,Bio for user 2541
2542,user2542,User 2542,user2542@email.com,123456,Bio for user 2542
2543,user2543,User 2543,user2543@email.com,123456,Bio for user 2543
2544,user2544,User 2544,user2544@email.com,123456,Bio for user 2544
2545,user2545,User 2545,user2545@email.com,123456,Bio for user 2545
2546,user2546,User 2546,user2546@email.com,123456,Bio for user 2546
2547,user2547,User 2547,user2547@email.com,123456,Bio for user 2547
2548,user2548,User 2548,user2548@email.com,123456,Bio for user 2548
2549,user2549,User 2549,user2549@email.com,123456,Bio for user 2549
2550,user2550,User 2550,user2550@email.com,123456,Bio for user 2550
2551,user2551,User 2551,user2551@email.com,123456,Bio for user 2551
2552,user2552,User 2552,user2552@email.com,123456,Bio for user 2552
2553,user2553,User 2553,user2553@email.com,123456,Bio for user 2553
2554,user2554,User 2554,user2554@email.com,123456,Bio for user 2554
2555,user2555,User 2555,user2555@email.com,123456,Bio for user 2555
2556,user2556,User 2556,user2556@email.com,123456,Bio for user 2556
2557,user2557,User 2557,user2557@email.com,123456,Bio for user 2557
2558,user2558,User 2558,user2558@email.com,123456,Bio for user 2558
2559,user2559,User 2559,user2559@email.com,123456,Bio for user 2559
2560,user2560,User 2560,user2560@email.com,123456,Bio for user 2560
2561,user2561,User 2561,user2561@email.com,123456,Bio for user 2561
2562,user2562,User 2562,user2562@email.com,123456,Bio for user 2562
2563,user2563,User 2563,user2563@email.com,123456,Bio for user 2563
2564,user2564,User 2564,user2564@email.com,123456,Bio for user 2564
2565,user2565,User 2565,user2565@email.com,123456,Bio for user 2565
2566,user2566,User 2566,user2566@email.com,123456,Bio for user 2566
2567,user2567,User 2567,user2567@email.com,123456,Bio for user 2567
2568,user2568,User 2568,user2568@email.com,123456,Bio for user 2568
2569,user2569,User 2569,user2569@email.com,123456,Bio for user 2569
2570,user2570,User 2570,user2570@email.com,123456,Bio for user 2570
2571,user2571,User 2571,user2571@email.com,123456,Bio for user 2571
2572,user2572,User 2572,user2572@email.com,123456,Bio for user 2572
2573,user2573,User 2573,user2573@email.com,123456,Bio for user 2573
2574,user2574,User 2574,user2574@email.com,123456,Bio for user 2574
2575,user2575,User 2575,user2575@email.com,123456,Bio for user 2575
2576,user2576,User 2576,user2576@email.com,123456,Bio for user 2576
2577,user2577,User 2577,user2577@email.com,123456,Bio for user 2577
2578,user2578,User 2578,user2578@email.com,123456,Bio for user 2578
2579,user2579,User 2579,user2579@email.com,123456,Bio for user 2579
2580,user2580,User 2580,user2580@email.com,123456,Bio for user 2580
2581,user2581,User 2581,user2581@email.com,123456,Bio for user 2581
2582,user2582,User 2582,user2582@email.com,123456,Bio for user 2582
2583,user2583,User 2583,user2583@email.com,123456,Bio for user 2583
2584,user2584,User 2584,user2584@email.com,123456,Bio for user 2584
2585,user2585,User 2585,user2585@email.com,123456,Bio for user 2585
2586,user2586,User 2586,user2586@email.com,123456,Bio for user 2586
2587,user2587,User 2587,user2587@email.com,123456,Bio for user 2587
2588,user2588,User 2588,user2588@email.com,123456,Bio for user 2588
2589,user2589,User 2589,user2589@email.com,123456,Bio for user 2589
2590,user2590,User 2590,user2590@email.com,123456,Bio for user 2590
2591,user2591,User 2591,user2591@email.com,123456,Bio for user 2591
2592,user2592,User 2592,user2592@email.com,123456,Bio for user 2592
2593,user2593,User 2593,user2593@email.com,123456,Bio for user 2593
2594,user2594,User 2594,user2594@email.com,123456,Bio for user 2594
2595,user2595,User 2595,user2595@email.com,123456,Bio for user 2595
2596,user2596,User 2596,user2596@email.com,123456,Bio for user 2596
2597,user2597,User 2597,user2597@email.com,123456,Bio for user 2597
2598,user2598,User 2598,user2598@email.com,123456,Bio for user 2598
2599,user2599,User 2599,user2599@email.com,123456,Bio for user 2599
2600,user2600,User 2600,user2600@email.com,123456,Bio for user 2600
2601,user2601,User 2601,user2601@email.com,123456,Bio for user 2601
2602,user2602,User 2602,user2602@email.com,123456,Bio for user 2602
2603,user2603,User 2603,user2603@email.com,123456,Bio for user 2603
2604,user2604,User 2604,user2604@email.com,123456,Bio for user 2604
2605,user2605,User 2605,user2605@email.com,123456,Bio for user 2605
2606,user2606,User 2606,user2606@email.com,123456,Bio for user 2606
2607,user2607,User 2607,user2607@email.com,123456,Bio for user 2607
2608,user2608,User 2608,user2608@email.com,123456,Bio for user 2608
2609,user2609,User 2609,user2609@email.com,123456,Bio for user 2609
2610,user2610,User 2610,user2610@email.com,123456,Bio for user 2610
2611,user2611,User 2611,user2611@email.com,123456,Bio for user 2611
2612,user2612,User 2612,user2612@email.com,123456,Bio for user 2612
2613,user2613,User 2613,user2613@email.com,123456,Bio for user 2613
2614,user2614,User 2614,user2614@email.com,123456,Bio for user 2614
2615,user2615,User 2615,user2615@email.com,123456,Bio for user 2615
2616,user2616,User 2616,user2616@email.com,123456,Bio for user 2616
2617,user2617,User 2617,user2617@email.com,123456,Bio for user 2617
2618,user2618,User 2618,user2618@email.com,123456,Bio for user 2618
2619,user2619,User 2619,user2619@email.com,123456,Bio for user 2619
2620,user2620,User 2620,user2620@email.com,123456,Bio for user 2620
2621,user2621,User 2621,user2621@email.com,123456,Bio for user 2621
2622,user2622,User 2622,user2622@email.com,123456,Bio for user 2622
2623,user2623,User 2623,user2623@email.com,123456,Bio for user 2623
2624,user2624,User 2624,user2624@email.com,123456,Bio for user 2624
2625,user2625,User 2625,user2625@email.com,123456,Bio for user 2625
2626,user2626,User 2626,user2626@email.com,123456,Bio for user 2626
2627,user2627,User 2627,user2627@email.com,123456,Bio for user 2627
2628,user2628,User 2628,user2628@email.com,123456,Bio for user 2628
2629,user2629,User 2629,user2629@email.com,123456,Bio for user 2629
2630,user2630,User 2630,user2630@email.com,123456,Bio for user 2630
2631,user2631,User 2631,user2631@email.com,123456,Bio for user 2631
2632,user2632,User 2632,user2632@email.com,123456,Bio for user 2632
2633,user2633,User 2633,user2633@email.com,123456,Bio for user 2633
2634,user2634,User 2634,user2634@email.com,123456,Bio for user 2634
2635,user2635,User 2635,user2635@email.com,123456,Bio for user 2635
2636,user2636,User 2636,user2636@email.com,123456,Bio for user 2636
2637,user2637,User 2637,user2637@email.com,123456,Bio for user 2637
2638,user2638,User 2638,user2638@email.com,123456,Bio for user 2638
2639,user2639,User 2639,user2639@email.com,123456,Bio for user 2639
2640,user2640,User 2640,user2640@email.com,123456,Bio for user 2640
2641,user2641,User 2641,user2641@email.com,123456,Bio for user 2641
2642,user2642,User 2642,user2642@email.com,123456,Bio for user 2642
2643,user2643,User 2643,user2643@email.com,123456,Bio for user 2643
2644,user2644,User 2644,user2644@email.com,123456,Bio for user 2644
2645,user2645,User 2645,user2645@email.com,123456,Bio for user 2645
2646,user2646,User 2646,user2646@email.com,123456,Bio for user 2646
2647,user2647,User 2647,user2647@email.com,123456,Bio for user 2647
2648,user2648,User 2648,user2648@email.com,123456,Bio for user 2648
2649,user2649,User 2649,user2649@email.com,123456,Bio for user 2649
2650,user2650,User 2650,user2650@email.com,123456,Bio for user 2650
2651,user2651,User 2651,user2651@email.com,123456,Bio for user 2651
2652,user2652,User 2652,user2652@email.com,123456,Bio for user 2652
2653,user2653,User 2653,user2653@email.com,123456,Bio for user 2653
2654,user2654,User 2654,user2654@email.com,123456,Bio for user 2654
2655,user2655,User 2655,user2655@email.com,123456,Bio for user 2655
2656,user2656,User 2656,user2656@email.com,123456,Bio for user 2656
2657,user2657,User 2657,user2657@email.com,123456,Bio for user 2657
2658,user2658,User 2658,user2658@email.com,123456,Bio for user 2658
2659,user2659,User 2659,user2659@email.com,123456,Bio for user 2659
2660,user2660,User 2660,user2660@email.com,123456,Bio for user 2660
2661,user2661,User 2661,user2661@email.com,123456,Bio for user 2661
2662,user2662,User 2662,user2662@email.com,123456,Bio for user 2662
2663,user2663,User 2663,user2663@email.com,123456,Bio for user 2663
2664,user2664,User 2664,user2664@email.com,123456,Bio for user 2664
2665,user2665,User 2665,user2665@email.com,123456,Bio for user 2665
2666,user2666,User 2666,user2666@email.com,123456,Bio for user 2666
2667,user2667,User 2667,user2667@email.com,123456,Bio for user 2667
2668,user2668,User 2668,user2668@email.com,123456,Bio for user 2668
2669,user2669,User 2669,user2669@email.com,123456,Bio for user 2669
2670,user2670,User 2670,user2670@email.com,123456,Bio for user 2670
2671,user2671,User 2671,user2671@email.com,123456,Bio for user 2671
2672,user2672,User 2672,user2672@email.com,123456,Bio for user 2672
2673,user2673,User 2673,user2673@email.com,123456,Bio for user 2673
2674,user2674,User 2674,user2674@email.com,123456,Bio for user 2674
2675,user2675,User 2675,user2675@email.com,123456,Bio for user 2675
2676,user2676,User 2676,user2676@email.com,123456,Bio for user 2676
2677,user2677,User 2677,user2677@email.com,123456,Bio for user 2677
2678,user2678,User 2678,user2678@email.com,123456,Bio for user 2678
2679,user2679,User 2679,user2679@email.com,123456,Bio for user 2679
2680,user2680,User 2680,user2680@email.com,123456,Bio for user 2680
2681,user2681,User 2681,user2681@email.com,123456,Bio for user 2681
2682,user2682,User 2682,user2682@email.com,123456,Bio for user 2682
2683,user2683,User 2683,user2683@email.com,123456,Bio for user 2683
2684,user2684,User 2684,user2684@email.com,123456,Bio for user 2684
2685,user2685,User 2685,user2685@email.com,123456,Bio for user 2685
2686,user2686,User 2686,user2686@email.com,123456,Bio for user 2686
2687,user2687,User 2687,user2687@email.com,123456,Bio for user 2687
2688,user2688,User 2688,user2688@email.com,123456,Bio for user 2688
2689,user2689,User 2689,user2689@email.com,123456,Bio for user 2689
2690,user2690,User 2690,user2690@email.com,123456,Bio for user 2690
2691,user2691,User 2691,user2691@email.com,123456,Bio for user 2691
2692,user2692,User 2692,user2692@email.com,123456,Bio for user 2692
2693,user2693,User 2693,user2693@email.com,123456,Bio for user 2693
2694,user2694,User 2694,user2694@email.com,123456,Bio for user 2694
2695,user2695,User 2695,user2695@email.com,123456,Bio for user 2695
2696,user2696,User 2696,user2696@email.com,123456,Bio for user 2696
2697,user2697,User 2697,user2697@email.com,123456,Bio for user 2697
2698,user2698,User 2698,user2698@email.com,123456,Bio for user 2698
2699,user2699,User 2699,user2699@email.com,123456,Bio for user 2699
2700,user2700,User 2700,user2700@email.com,123456,Bio for user 2700
2701,user2701,User 2701,user2701@email.com,123456,Bio for user 2701
2702,user2702,User 2702,user2702@email.com,123456,Bio for user 2702
2703,user2703,User 2703,user2703@email.com,123456,Bio for user 2703
2704,user2704,User 2704,user2704@email.com,123456,Bio for user 2704
2705,user2705,User 2705,user2705@email.com,123456,Bio for user 2705
2706,user2706,User 2706,user2706@email.com,123456,Bio for user 2706
2707,user2707,User 2707,user2707@email.com,123456,Bio for user 2707
2708,user2708,User 2708,user2708@email.com,123456,Bio for user 2708
2709,user2709,User 2709,user2709@email.com,123456,Bio for user 2709
2710,user2710,User 2710,user2710@email.com,123456,Bio for user 2710
2711,user2711,User 2711,user2711@email.com,123456,Bio for user 2711
2712,user2712,User 2712,user2712@email.com,123456,Bio for user 2712
2713,user2713,User 2713,user2713@email.com,123456,Bio for user 2713
2714,user2714,User 2714,user2714@email.com,123456,Bio for user 2714
2715,user2715,User 2715,user2715@email.com,123456,Bio for user 2715
2716,user2716,User 2716,user2716@email.com,123456,Bio for user 2716
2717,user2717,User 2717,user2717@email.com,123456,Bio for user 2717
2718,user2718,User 2718,user2718@email.com,123456,Bio for user 2718
2719,user2719,User 2719,user2719@email.com,123456,Bio for user 2719
2720,user2720,User 2720,user2720@email.com,123456,Bio for user 2720
2721,user2721,User 2721,user2721@email.com,123456,Bio for user 2721
2722,user2722,User 2722,user2722@email.com,123456,Bio for user 2722
2723,user2723,User 2723,user2723@email.com,123456,Bio for user 2723
2724,user2724,User 2724,user2724@email.com,123456,Bio for user 2724
2725,user2725,User 2725,user2725@email.com,123456,Bio for user 2725
2726,user2726,User 2726,user2726@email.com,123456,Bio for user 2726
2727,user2727,User 2727,user2727@email.com,123456,Bio for user 2727
2728,user2728,User 2728,user2728@email.com,123456,Bio for user 2728
2729,user2729,User 2729,user2729@email.com,123456,Bio for user 2729
2730,user2730,User 2730,user2730@email.com,123456,Bio for user 2730
2731,user2731,User 2731,user2731@email.com,123456,Bio for user 2731
2732,user2732,User 2732,user2732@email.com,123456,Bio for user 2732
2733,user2733,User 2733,user2733@email.com,123456,Bio for user 2733
2734,user2734,User 2734,user2734@email.com,123456,Bio for user 2734
2735,user2735,User 2735,user2735@email.com,123456,Bio for user 2735
2736,user2736,User 2736,user2736@email.com,123456,Bio for user 2736
2737,user2737,User 2737,user2737@email.com,123456,Bio for user 2737
2738,user2738,User 2738,user2738@email.com,123456,Bio for user 2738
2739,user2739,User 2739,user2739@email.com,123456,Bio for user 2739
2740,user2740,User 2740,user2740@email.com,123456,Bio for user 2740
2741,user2741,User 2741,user2741@email.com,123456,Bio for user 2741
2742,user2742,User 2742,user2742@email.com,123456,Bio for user 2742
2743,user2743,User 2743,user2743@email.com,123456,Bio for user 2743
2744,user2744,User 2744,user2744@email.com,123456,Bio for user 2744
2745,user2745,User 2745,user2745@email.com,123456,Bio for user 2745
2746,user2746,User 2746,user2746@email.com,123456,Bio for user 2746
2747,user2747,User 2747,user2747@email.com,123456,Bio for user 2747
2748,user2748,User 2748,user2748@email.com,123456,Bio for user 2748
2749,user2749,User 2749,user2749@email.com,123456,Bio for user 2749
2750,user2750,User 2750,user2750@email.com,123456,Bio for user 2750
2751,user2751,User 2751,user2751@email.com,123456,Bio for user 2751
2752,user2752,User 2752,user2752@email.com,123456,Bio for user 2752
2753,user2753,User 2753,user2753@email.com,123456,Bio for user 2753
2754,user2754,User 2754,user2754@email.com,123456,Bio for user 2754
2755,user2755,User 2755,user2755@email.com,123456,Bio for user 2755
2756,user2756,User 2756,user2756@email.com,123456,Bio for user 2756
2757,user2757,User 2757,user2757@email.com,123456,Bio for user 2757
2758,user2758,User 2758,user2758@email.com,123456,Bio for user 2758
2759,user2759,User 2759,user2759@email.com,123456,Bio for user 2759
2760,user2760,User 2760,user2760@email.com,123456,Bio for user 2760
2761,user2761,User 2761,user2761@email.com,123456,Bio for user 2761
2762,user2762,User 2762,user2762@email.com,123456,Bio for user 2762
2763,user2763,User 2763,user2763@email.com,123456,Bio for user 2763
2764,user2764,User 2764,user2764@email.com,123456,Bio for user 2764
2765,user2765,User 2765,user2765@email.com,123456,Bio for user 2765
2766,user2766,User 2766,user2766@email.com,123456,Bio for user 2766
2767,user2767,User 2767,user2767@email.com,123456,Bio for user 2767
2768,user2768,User 2768,user2768@email.com,123456,Bio for user 2768
2769,user2769,User 2769,user2769@email.com,123456,Bio for user 2769
2770,user2770,User 2770,user2770@email.com,123456,Bio for user 2770
2771,user2771,User 2771,user2771@email.com,123456,Bio for user 2771
2772,user2772,User 2772,user2772@email.com,123456,Bio for user 2772
2773,user2773,User 2773,user2773@email.com,123456,Bio for user 2773
2774,user2774,User 2774,user2774@email.com,123456,Bio for user 2774
2775,user2775,User 2775,user2775@email.com,123456,Bio for user 2775
2776,user2776,User 2776,user2776@email.com,123456,Bio for user 2776
2777,user2777,User 2777,user2777@email.com,123456,Bio for user 2777
2778,user2778,User 2778,user2778@email.com,123456,Bio for user 2778
2779,user2779,User 2779,user2779@email.com,123456,Bio for user 2779
2780,user2780,User 2780,user2780@email.com,123456,Bio for user 2780
2781,user2781,User 2781,user2781@email.com,123456,Bio for user 2781
2782,user2782,User 2782,user2782@email.com,123456,Bio for user 2782
2783,user2783,User 2783,user2783@email.com,123456,Bio for user 2783
2784,user2784,User 2784,user2784@email.com,123456,Bio for user 2784
2785,user2785,User 2785,user2785@email.com,123456,Bio for user 2785
2786,user2786,User 2786,user2786@email.com,123456,Bio for user 2786
2787,user2787,User 2787,user2787@email.com,123456,Bio for user 2787
2788,user2788,User 2788,user2788@email.com,123456,Bio for user 2788
2789,user2789,User 2789,user2789@email.com,123456,Bio for user 2789
2790,user2790,User 2790,user2790@email.com,123456,Bio for user 2790
2791,user2791,User 2791,user2791@email.com,123456,Bio for user 2791
2792,user2792,User 2792,user2792@email.com,123456,Bio for user 2792
2793,user2793,User 2793,user2793@email.com,123456,Bio for user 2793
2794,user2794,User 2794,user2794@email.com,123456,Bio for user 2794
2795,user2795,User 2795,user2795@email.com,123456,Bio for user 2795
2796,user2796,User 2796,user2796@email.com,123456,Bio for user 2796
2797,user2797,User 2797,user2797@email.com,123456,Bio for user 2797
2798,user2798,User 2798,user2798@email.com,123456,Bio for user 2798
2799,user2799,User 2799,user2799@email.com,123456,Bio for user 2799
2800,user2800,User 2800,user2800@email.com,123456,Bio for user 2800
2801,user2801,User 2801,user2801@email.com,123456,Bio for user 2801
2802,user2802,User 2802,user2802@email.com,123456,Bio for user 2802
2803,user2803,User 2803,user2803@email.com,123456,Bio for user 2803
2804,user2804,User 2804,user2804@email.com,123456,Bio for user 2804
2805,user2805,User 2805,user2805@email.com,123456,Bio for user 2805
2806,user2806,User 2806,user2806@email.com,123456,Bio for user 2806
2807,user2807,User 2807,user2807@email.com,123456,Bio for user 2807
2808,user2808,User 2808,user2808@email.com,123456,Bio for user 2808
2809,user2809,User 2809,user2809@email.com,123456,Bio for user 2809
2810,user2810,User 2810,user2810@email.com,123456,Bio for user 2810
2811,user2811,User 2811,user2811@email.com,123456,Bio for user 2811
2812,user2812,User 2812,user2812@email.com,123456,Bio for user 2812
2813,user2813,User 2813,user2813@email.com,123456,Bio for user 2813
2814,user2814,User 2814,user2814@email.com,123456,Bio for user 2814
2815,user2815,User 2815,user2815@email.com,123456,Bio for user 2815
2816,user2816,User 2816,user2816@email.com,123456,Bio for user 2816
2817,user2817,User 2817,user2817@email.com,123456,Bio for user 2817
2818,user2818,User 2818,user2818@email.com,123456,Bio for user 2818
2819,user2819,User 2819,user2819@email.com,123456,Bio for user 2819
2820,user2820,User 2820,user2820@email.com,123456,Bio for user 2820
2821,user2821,User 2821,user2821@email.com,123456,Bio for user 2821
2822,user2822,User 2822,user2822@email.com,123456,Bio for user 2822
2823,user2823,User 2823,user2823@email.com,123456,Bio for user 2823
2824,user2824,User 2824,user2824@email.com,123456,Bio for user 2824
2825,user2825,User 2825,user2825@email.com,123456,Bio for user 2825
2826,user2826,User 2826,user2826@email.com,123456,Bio for user 2826
2827,user2827,User 2827,user2827@email.com,123456,Bio for user 2827
2828,user2828,User 2828,user2828@email.com,123456,Bio for user 2828
2829,user2829,User 2829,user2829@email.com,123456,Bio for user 2829
2830,user2830,User 2830,user2830@email.com,123456,Bio for user 2830
2831,user2831,User 2831,user2831@email.com,123456,Bio for user 2831
2832,user2832,User 2832,user2832@email.com,123456,Bio for user 2832
2833,user2833,User 2833,user2833@email.com,123456,Bio for user 2833
2834,user2834,User 2834,user2834@email.com,123456,Bio for user 2834
2835,user2835,User 2835,user2835@email.com,123456,Bio for user 2835
2836,user2836,User 2836,user2836@email.com,123456,Bio for user 2836
2837,user2837,User 2837,user2837@email.com,123456,Bio for user 2837
2838,user2838,User 2838,user2838@email.com,123456,Bio for user 2838
2839,user2839,User 2839,user2839@email.com,123456,Bio for user 2839
2840,user2840,User 2840,user2840@email.com,123456,Bio for user 2840
2841,user2841,User 2841,user2841@email.com,123456,Bio for user 2841
2842,user2842,User 2842,user2842@email.com,123456,Bio for user 2842
2843,user2843,User 2843,user2843@email.com,123456,Bio for user 2843
2844,user2844,User 2844,user2844@email.com,123456,Bio for user 2844
2845,user2845,User 2845,user2845@email.com,123456,Bio for user 2845
2846,user2846,User 2846,user2846@email.com,123456,Bio for user 2846
2847,user2847,User 2847,user2847@email.com,123456,Bio for user 2847
2848,user2848,User 2848,user2848@email.com,123456,Bio for user 2848
2849,user2849,User 2849,user2849@email.com,123456,Bio for user 2849
2850,user2850,User 2850,user2850@email.com,123456,Bio for user 2850
2851,user2851,User 2851,user2851@email.com,123456,Bio for user 2851
2852,user2852,User 2852,user2852@email.com,123456,Bio for user 2852
2853,user2853,User 2853,user2853@email.com,123456,Bio for user 2853
2854,user2854,User 2854,user2854@email.com,123456,Bio for user 2854
2855,user2855,User 2855,user2855@email.com,123456,Bio for user 2855
2856,user2856,User 2856,user2856@email.com,123456,Bio for user 2856
2857,user2857,User 2857,user2857@email.com,123456,Bio for user 2857
2858,user2858,User 2858,user2858@email.com,123456,Bio for user 2858
2859,user2859,User 2859,user2859@email.com,123456,Bio for user 2859
2860,user2860,User 2860,user2860@email.com,123456,Bio for user 2860
2861,user2861,User 2861,user2861@email.com,123456,Bio for user 2861
2862,user2862,User 2862,user2862@email.com,123456,Bio for user 2862
2863,user2863,User 2863,user2863@email.com,123456,Bio for user 2863
2864,user2864,User 2864,user2864@email.com,123456,Bio for user 2864
2865,user2865,User 2865,user2865@email.com,123456,Bio for user 2865
2866,user2866,User 2866,user2866@email.com,123456,Bio for user 2866
2867,user2867,User 2867,user2867@email.com,123456,Bio for user 2867
2868,user2868,User 2868,user2868@email.com,123456,Bio for user 2868
2869,user2869,User 2869,user2869@email.com,123456,Bio for user 2869
2870,user2870,User 2870,user2870@email.com,123456,Bio for user 2870
2871,user2871,User 2871,user2871@email.com,123456,Bio for user 2871
2872,user2872,User 2872,user2872@email.com,123456,Bio for user 2872
2873,user2873,User 2873,user2873@email.com,123456,Bio for user 2873
2874,user2874,User 2874,user2874@email.com,123456,Bio for user 2874
2875,user2875,User 2875,user2875@email.com,123456,Bio for user 2875
2876,user2876,User 2876,user2876@email.com,123456,Bio for user 2876
2877,user2877,User 2877,user2877@email.com,123456,Bio for user 2877
2878,user2878,User 2878,user2878@email.com,123456,Bio for user 2878
2879,user2879,User 2879,user2879@email.com,123456,Bio for user 2879
2880,user2880,User 2880,user2880@email.com,123456,Bio for user 2880
2881,user2881,User 2881,user2881@email.com,123456,Bio for user 2881
2882,user2882,User 2882,user2882@email.com,123456,Bio for user 2882
2883,user2883,User 2883,user2883@email.com,123456,Bio for user 2883
2884,user2884,User 2884,user2884@email.com,123456,Bio for user 2884
2885,user2885,User 2885,user2885@email.com,123456,Bio for user 2885
2886,user2886,User 2886,user2886@email.com,123456,Bio for user 2886
2887,user2887,User 2887,user2887@email.com,123456,Bio for user 2887
2888,user2888,User 2888,user2888@email.com,123456,Bio for user 2888
2889,user2889,User 2889,user2889@email.com,123456,Bio for user 2889
2890,user2890,User 2890,user2890@email.com,123456,Bio for user 2890
2891,user2891,User 2891,user2891@email.com,123456,Bio for user 2891
2892,user2892,User 2892,user2892@email.com,123456,Bio for user 2892
2893,user2893,User 2893,user2893@email.com,123456,Bio for user 2893
2894,user2894,User 2894,user2894@email.com,123456,Bio for user 2894
2895,user2895,User 2895,user2895@email.com,123456,Bio for user 2895
2896,user2896,User 2896,user2896@email.com,123456,Bio for user 2896
2897,user2897,User 2897,user2897@email.com,123456,Bio for user 2897
2898,user2898,User 2898,user2898@email.com,123456,Bio for user 2898
2899,user2899,User 2899,user2899@email.com,123456,Bio for user 2899
2900,user2900,User 2900,user2900@email.com,123456,Bio for user 2900
2901,user2901,User 2901,user2901@email.com,123456,Bio for user 2901
2902,user2902,User 2902,user2902@email.com,123456,Bio for user 2902
2903,user2903,User 2903,user2903@email.com,123456,Bio for user 2903
2904,user2904,User 2904,user2904@email.com,123456,Bio for user 2904
2905,user2905,User 2905,user2905@email.com,123456,Bio for user 2905
2906,user2906,User 2906,user2906@email.com,123456,Bio for user 2906
2907,user2907,User 2907,user2907@email.com,123456,Bio for user 2907
2908,user2908,User 2908,user2908@email.com,123456,Bio for user 2908
2909,user2909,User 2909,user2909@email.com,123456,Bio for user 2909
2910,user2910,User 2910,user2910@email.com,123456,Bio for user 2910
2911,user2911,User 2911,user2911@email.com,123456,Bio for user 2911
2912,user2912,User 2912,user2912@email.com,123456,Bio for user 2912
2913,user2913,User 2913,user2913@email.com,123456,Bio for user 2913
2914,user2914,User 2914,user2914@email.com,123456,Bio for user 2914
2915,user2915,User 2915,user2915@email.com,123456,Bio for user 2915
2916,user2916,User 2916,user2916@email.com,123456,Bio for user 2916
2917,user2917,User 2917,user2917@email.com,123456,Bio for user 2917
2918,user2918,User 2918,user2918@email.com,123456,Bio for user 2918
2919,user2919,User 2919,user2919@email.com,123456,Bio for user 2919
2920,user2920,User 2920,user2920@email.com,123456,Bio for user 2920
2921,user2921,User 2921,user2921@email.com,123456,Bio for user 2921
2922,user2922,User 2922,user2922@email.com,123456,Bio for user 2922
2923,user2923,User 2923,user2923@email.com,123456,Bio for user 2923
2924,user2924,User 2924,user2924@email.com,123456,Bio for user 2924
2925,user2925,User 2925,user2925@email.com,123456,Bio for user 2925
2926,user2926,User 2926,user2926@email.com,123456,Bio for user 2926
2927,user2927,User 2927,user2927@email.com,123456,Bio for user 2927
2928,user2928,User 2928,user2928@email.com,123456,Bio for user 2928
2929,user2929,User 2929,user2929@email.com,123456,Bio for user 2929
2930,user2930,User 2930,user2930@email.com,123456,Bio for user 2930
2931,user2931,User 2931,user2931@email.com,123456,Bio for user 2931
2932,user2932,User 2932,user2932@email.com,123456,Bio for user 2932
2933,user2933,User 2933,user2933@email.com,123456,Bio for user 2933
2934,user2934,User 2934,user2934@email.com,123456,Bio for user 2934
2935,user2935,User 2935,user2935@email.com,123456,Bio for user 2935
2936,user2936,User 2936,user2936@email.com,123456,Bio for user 2936
2937,user2937,User 2937,user2937@email.com,123456,Bio for user 2937
2938,user2938,User 2938,user2938@email.com,123456,Bio for user 2938
2939,user2939,User 2939,user2939@email.com,123456,Bio for user 2939
2940,user2940,User 2940,user2940@email.com,123456,Bio for user 2940
2941,user2941,User 2941,user2941@email.com,123456,Bio for user 2941
2942,user2942,User 2942,user2942@email.com,123456,Bio for user 2942
2943,user2943,User 2943,user2943@email.com,123456,Bio for user 2943
2944,user2944,User 2944,user2944@email.com,123456,Bio for user 2944
2945,user2945,User 2945,user2945@email.com,123456,Bio for user 2945
2946,user2946,User 2946,user2946@email.com,123456,Bio for user 2946
2947,user2947,User 2947,user2947@email.com,123456,Bio for user 2947
2948,user2948,User 2948,user2948@email.com,123456,Bio for user 2948
2949,user2949,User 2949,user2949@email.com,123456,Bio for user 2949
2950,user2950,User 2950,user2950@email.com,123456,Bio for user 2950
2951,user2951,User 2951,user2951@email.com,123456,Bio for user 2951
2952,user2952,User 2952,user2952@email.com,123456,Bio for user 2952
2953,user2953,User 2953,user2953@email.com,123456,Bio for user 2953
2954,user2954,User 2954,user2954@email.com,123456,Bio for user 2954
2955,user2955,User 2955,user2955@email.com,123456,Bio for user 2955
2956,user2956,User 2956,user2956@email.com,123456,Bio for user 2956
2957,user2957,User 2957,user2957@email.com,123456,Bio for user 2957
2958,user2958,User 2958,user2958@email.com,123456,Bio for user 2958
2959,user2959,User 2959,user2959@email.com,123456,Bio for user 2959
2960,user2960,User 2960,user2960@email.com,123456,Bio for user 2960
2961,user2961,User 2961,user2961@email.com,123456,Bio for user 2961
2962,user2962,User 2962,user2962@email.com,123456,Bio for user 2962
2963,user2963,User 2963,user2963@email.com,123456,Bio for user 2963
2964,user2964,User 2964,user2964@email.com,123456,Bio for user 2964
2965,user2965,User 2965,user2965@email.com,123456,Bio for user 2965
2966,user2966,User 2966,user2966@email.com,123456,Bio for user 2966
2967,user2967,User 2967,user2967@email.com,123456,Bio for user 2967
2968,user2968,User 2968,user2968@email.com,123456,Bio for user 2968
2969,user2969,User 2969,user2969@email.com,123456,Bio for user 2969
2970,user2970,User 2970,user2970@email.com,123456,Bio for user 2970
2971,user2971,User 2971,user2971@email.com,123456,Bio for user 2971
2972,user2972,User 2972,user2972@email.com,123456,Bio for user 2972
2973,user2973,User 2973,user2973@email.com,123456,Bio for user 2973
2974,user2974,User 2974,user2974@email.com,123456,Bio for user 2974
2975,user2975,User 2975,user2975@email.com,123456,Bio for user 2975
2976,user2976,User 2976,user2976@email.com,123456,Bio for user 2976
2977,user2977,User 2977,user2977@email.com,123456,Bio for user 2977
2978,user2978,User 2978,user2978@email.com,123456,Bio for user 2978
2979,user2979,User 2979,user2979@email.com,123456,Bio for user 2979
2980,user2980,User 2980,user2980@email.com,123456,Bio for user 2980
2981,user2981,User 2981,user2981@email.com,123456,Bio for user 2981
2982,user2982,User 2982,user2982@email.com,123456,Bio for user 2982
2983,user2983,User 2983,user2983@email.com,123456,Bio for user 2983
2984,user2984,User 2984,user2984@email.com,123456,Bio for user 2984
2985,user2985,User 2985,user2985@email.com,123456,Bio for user 2985
2986,user2986,User 2986,user2986@email.com,123456,Bio for user 2986
2987,user2987,User 2987,user2987@email.com,123456,Bio for user 2987
2988,user2988,User 2988,user2988@email.com,123456,Bio for user 2988
2989,user2989,User 2989,user2989@email.com,123456,Bio for user 2989
2990,user2990,User 2990,user2990@email.com,123456,Bio for user 2990
2991,user2991,User 2991,user2991@email.com,123456,Bio for user 2991
2992,user2992,User 2992,user2992@email.com,123456,Bio for user 2992
2993,user2993,User 2993,user2993@email.com,123456,Bio for user 2993
2994,user2994,User 2994,user2994@email.com,123456,Bio for user 2994
2995,user2995,User 2995,user2995@email.com,123456,Bio for user 2995
2996,user2996,User 2996,user2996@email.com,123456,Bio for user 2996
2997,user2997,User 2997,user2997@email.com,123456,Bio for user 2997
2998,user2998,User 2998,user2998@email.com,123456,Bio for user 2998
2999,user2999,User 2999,user2999@email.com,123456,Bio for user 2999
3000,user3000,User 3000,user3000@email.com,123456,Bio for user 3000
3001,user3001,User 3001,user3001@email.com,123456,Bio for user 3001
3002,user3002,User 3002,user3002@email.com,123456,Bio for user 3002
3003,user3003,User 3003,user3003@email.com,123456,Bio for user 3003
3004,user3004,User 3004,user3004@email.com,123456,Bio for user 3004
3005,user3005,User 3005,user3005@email.com,123456,Bio for user 3005
3006,user3006,User 3006,user3006@email.com,123456,Bio for user 3006
3007,user3007,User 3007,user3007@email.com,123456,Bio for user 3007
3008,user3008,User 3008,user3008@email.com,123456,Bio for user 3008
3009,user3009,User 3009,user3009@email.com,123456,Bio for user 3009
3010,user3010,User 3010,user3010@email.com,123456,Bio for user 3010
3011,user3011,User 3011,user3011@email.com,123456,Bio for user 3011
3012,user3012,User 3012,user3012@email.com,123456,Bio for user 3012
3013,user3013,User 3013,user3013@email.com,123456,Bio for user 3013
3014,user3014,User 3014,user3014@email.com,123456,Bio for user 3014
3015,user3015,User 3015,user3015@email.com,123456,Bio for user 3015
3016,user3016,User 3016,user3016@email.com,123456,Bio for user 3016
3017,user3017,User 3017,user3017@email.com,123456,Bio for user 3017
3018,user3018,User 3018,user3018@email.com,123456,Bio for user 3018
3019,user3019,User 3019,user3019@email.com,123456,Bio for user 3019
3020,user3020,User 3020,user3020@email.com,123456,Bio for user 3020
3021,user3021,User 3021,user3021@email.com,123456,Bio for user 3021
3022,user3022,User 3022,user3022@email.com,123456,Bio for user 3022
3023,user3023,User 3023,user3023@email.com,123456,Bio for user 3023
3024,user3024,User 3024,user3024@email.com,123456,Bio for user 3024
3025,user3025,User 3025,user3025@email.com,123456,Bio for user 3025
3026,user3026,User 3026,user3026@email.com,123456,Bio for user 3026
3027,user3027,User 3027,user3027@email.com,123456,Bio for user 3027
3028,user3028,User 3028,user3028@email.com,123456,Bio for user 3028
3029,user3029,User 3029,user3029@email.com,123456,Bio for user 3029
3030,user3030,User 3030,user3030@email.com,123456,Bio for user 3030
3031,user3031,User 3031,user3031@email.com,123456,Bio for user 3031
3032,user3032,User 3032,user3032@email.com,123456,Bio for user 3032
3033,user3033,User 3033,user3033@email.com,123456,Bio for user 3033
3034,user3034,User 3034,user3034@email.com,123456,Bio for user 3034
3035,user3035,User 3035,user3035@email.com,123456,Bio for user 3035
3036,user3036,User 3036,user3036@email.com,123456,Bio for user 3036
3037,user3037,User 3037,user3037@email.com,123456,Bio for user 3037
3038,user3038,User 3038,user3038@email.com,123456,Bio for user 3038
3039,user3039,User 3039,user3039@email.com,123456,Bio for user 3039
3040,user3040,User 3040,user3040@email.com,123456,Bio for user 3040
3041,user3041,User 3041,user3041@email.com,123456,Bio for user 3041
3042,user3042,User 3042,user3042@email.com,123456,Bio for user 3042
3043,user3043,User 3043,user3043@email.com,123456,Bio for user 3043
3044,user3044,User 3044,user3044@email.com,123456,Bio for user 3044
3045,user3045,User 3045,user3045@email.com,123456,Bio for user 3045
3046,user3046,User 3046,user3046@email.com,123456,Bio for user 3046
3047,user3047,User 3047,user3047@email.com,123456,Bio for user 3047
3048,user3048,User 3048,user3048@email.com,123456,Bio for user 3048
3049,user3049,User 3049,user3049@email.com,123456,Bio for user 3049
3050,user3050,User 3050,user3050@email.com,123456,Bio for user 3050
3051,user3051,User 3051,user3051@email.com,123456,Bio for user 3051
3052,user3052,User 3052,user3052@email.com,123456,Bio for user 3052
3053,user3053,User 3053,user3053@email.com,123456,Bio for user 3053
3054,user3054,User 3054,user3054@email.com,123456,Bio for user 3054
3055,user3055,User 3055,user3055@email.com,123456,Bio for user 3055
3056,user3056,User 3056,user3056@email.com,123456,Bio for user 3056
3057,user3057,User 3057,user3057@email.com,123456,Bio for user 3057
3058,user3058,User 3058,user3058@email.com,123456,Bio for user 3058
3059,user3059,User 3059,user3059@email.com,123456,Bio for user 3059
3060,user3060,User 3060,user3060@email.com,123456,Bio for user 3060
3061,user3061,User 3061,user3061@email.com,123456,Bio for user 3061
3062,user3062,User 3062,user3062@email.com,123456,Bio for user 3062
3063,user3063,User 3063,user3063@email.com,123456,Bio for user 3063
3064,user3064,User 3064,user3064@email.com,123456,Bio for user 3064
3065,user3065,User 3065,user3065@email.com,123456,Bio for user 3065
3066,user3066,User 3066,user3066@email.com,123456,Bio for user 3066
3067,user3067,User 3067,user3067@email.com,123456,Bio for user 3067
3068,user3068,User 3068,user3068@email.com,123456,Bio for user 3068
3069,user3069,User 3069,user3069@email.com,123456,Bio for user 3069
3070,user3070,User 3070,user3070@email.com,123456,Bio for user 3070
3071,user3071,User 3071,user3071@email.com,123456,Bio for user 3071
3072,user3072,User 3072,user3072@email.com,123456,Bio for user 3072
3073,user3073,User 3073,user3073@email.com,123456,Bio for user 3073
3074,user3074,User 3074,user3074@email.com,123456,Bio for user 3074
3075,user3075,User 3075,user3075@email.com,123456,Bio for user 3075
3076,user3076,User 3076,user3076@email.com,123456,Bio for user 3076
3077,user3077,User 3077,user3077@email.com,123456,Bio for user 3077
3078,user3078,User 3078,user3078@email.com,123456,Bio for user 3078
3079,user3079,User 3079,user3079@email.com,123456,Bio for user 3079
3080,user3080,User 3080,user3080@email.com,123456,Bio for user 3080
3081,user3081,User 3081,user3081@email.com,123456,Bio for user 3081
3082,user3082,User 3082,user3082@email.com,123456,Bio for user 3082
3083,user3083,User 3083,user3083@email.com,123456,Bio for user 3083
3084,user3084,User 3084,user3084@email.com,123456,Bio for user 3084
3085,user3085,User 3085,user3085@email.com,123456,Bio for user 3085
3086,user3086,User 3086,user3086@email.com,123456,Bio for user 3086
3087,user3087,User 3087,user3087@email.com,123456,Bio for user 3087
3088,user3088,User 3088,user3088@email.com,123456,Bio for user 3088
3089,user3089,User 3089,user3089@email.com,123456,Bio for user 3089
3090,user3090,User 3090,user3090@email.com,123456,Bio for user 3090
3091,user3091,User 3091,user3091@email.com,123456,Bio for user 3091
3092,user3092,User 3092,user3092@email.com,123456,Bio for user 3092
3093,user3093,User 3093,user3093@email.com,123456,Bio for user 3093
3094,user3094,User 3094,user3094@email.com,123456,Bio for user 3094
3095,user3095,User 3095,user3095@email.com,123456,Bio for user 3095
3096,user3096,User 3096,user3096@email.com,123456,Bio for user 3096
3097,user3097,User 3097,user3097@email.com,123456,Bio for user 3097
3098,user3098,User 3098,user3098@email.com,123456,Bio for user 3098
3099,user3099,User 3099,user3099@email.com,123456,Bio for user 3099
3100,user3100,User 3100,user3100@email.com,123456,Bio for user 3100
3101,user3101,User 3101,user3101@email.com,123456,Bio for user 3101
3102,user3102,User 3102,user3102@email.com,123456,Bio for user 3102
3103,user3103,User 3103,user3103@email.com,123456,Bio for user 3103
3104,user3104,User 3104,user3104@email.com,123456,Bio for user 3104
3105,user3105,User 3105,user3105@email.com,123456,Bio for user 3105
3106,user3106,User 3106,user3106@email.com,123456,Bio for user 3106
3107,user3107,User 3107,user3107@email.com,123456,Bio for user 3107
3108,user3108,User 3108,user3108@email.com,123456,Bio for user 3108
3109,user3109,User 3109,user3109@email.com,123456,Bio for user 3109
3110,user3110,User 3110,user3110@email.com,123456,Bio for user 3110
3111,user3111,User 3111,user3111@email.com,123456,Bio for user 3111
3112,user3112,User 3112,user3112@email.com,123456,Bio for user 3112
3113,user3113,User 3113,user3113@email.com,123456,Bio for user 3113
3114,user3114,User 3114,user3114@email.com,123456,Bio for user 3114
3115,user3115,User 3115,user3115@email.com,123456,Bio for user 3115
3116,user3116,User 3116,user3116@email.com,123456,Bio for user 3116
3117,user3117,User 3117,user3117@email.com,123456,Bio for user 3117
3118,user3118,User 3118,user3118@email.com,123456,Bio for user 3118
3119,user3119,User 3119,user3119@email.com,123456,Bio for user 3119
3120,user3120,User 3120,user3120@email.com,123456,Bio for user 3120
3121,user3121,User 3121,user3121@email.com,123456,Bio for user 3121
3122,user3122,User 3122,user3122@email.com,123456,Bio for user 3122
3123,user3123,User 3123,user3123@email.com,123456,Bio for user 3123
3124,user3124,User 3124,user3124@email.com,123456,Bio for user 3124
3125,user3125,User 3125,user3125@email.com,123456,Bio for user 3125
3126,user3126,User 3126,user3126@email.com,123456,Bio for user 3126
3127,user3127,User 3127,user3127@email.com,123456,Bio for user 3127
3128,user3128,User 3128,user3128@email.com,123456,Bio for user 3128
3129,user3129,User 3129,user3129@email.com,123456,Bio for user 3129
3130,user3130,User 3130,user3130@email.com,123456,Bio for user 3130
3131,user3131,User 3131,user3131@email.com,123456,Bio for user 3131
3132,user3132,User 3132,user3132@email.com,123456,Bio for user 3132
3133,user3133,User 3133,user3133@email.com,123456,Bio for user 3133
3134,user3134,User 3134,user3134@email.com,123456,Bio for user 3134
3135,user3135,User 3135,user3135@email.com,123456,Bio for user 3135
3136,user3136,User 3136,user3136@email.com,123456,Bio for user 3136
3137,user3137,User 3137,user3137@email.com,123456,Bio for user 3137
3138,user3138,User 3138,user3138@email.com,123456,Bio for user 3138
3139,user3139,User 3139,user3139@email.com,123456,Bio for user 3139
3140,user3140,User 3140,user3140@email.com,123456,Bio for user 3140
3141,user3141,User 3141,user3141@email.com,123456,Bio for user 3141
3142,user3142,User 3142,user3142@email.com,123456,Bio for user 3142
3143,user3143,User 3143,user3143@email.com,123456,Bio for user 3143
3144,user3144,User 3144,user3144@email.com,123456,Bio for user 3144
3145,user3145,User 3145,user3145@email.com,123456,Bio for user 3145
3146,user3146,User 3146,user3146@email.com,123456,Bio for user 3146
3147,user3147,User 3147,user3147@email.com,123456,Bio for user 3147
3148,user3148,User 3148,user3148@email.com,123456,Bio for user 3148
3149,user3149,User 3149,user3149@email.com,123456,Bio for user 3149
3150,user3150,User 3150,user3150@email.com,123456,Bio for user 3150
3151,user3151,User 3151,user3151@email.com,123456,Bio for user 3151
3152,user3152,User 3152,user3152@email.com,123456,Bio for user 3152
3153,user3153,User 3153,user3153@email.com,123456,Bio for user 3153
3154,user3154,User 3154,user3154@email.com,123456,Bio for user 3154
3155,user3155,User 3155,user3155@email.com,123456,Bio for user 3155
3156,user3156,User 3156,user3156@email.com,123456,Bio for user 3156
3157,user3157,User 3157,user3157@email.com,123456,Bio for user 3157
3158,user3158,User 3158,user3158@email.com,123456,Bio for user 3158
3159,user3159,User 3159,user3159@email.com,123456,Bio for user 3159
3160,user3160,User 3160,user3160@email.com,123456,Bio for user 3160
3161,user3161,User 3161,user3161@email.com,123456,Bio for user 3161
3162,user3162,User 3162,user3162@email.com,123456,Bio for user 3162
3163,user3163,User 3163,user3163@email.com,123456,Bio for user 3163
3164,user3164,User 3164,user3164@email.com,123456,Bio for user 3164
3165,user3165,User 3165,user3165@email.com,123456,Bio for user 3165
3166,user3166,User 3166,user3166@email.com,123456,Bio for user 3166
3167,user3167,User 3167,user3167@email.com,123456,Bio for user 3167
3168,user3168,User 3168,user3168@email.com,123456,Bio for user 3168
3169,user3169,User 3169,user3169@email.com,123456,Bio for user 3169
3170,user3170,User 3170,user3170@email.com,123456,Bio for user 3170
3171,user3171,User 3171,user3171@email.com,123456,Bio for user 3171
3172,user3172,User 3172,user3172@email.com,123456,Bio for user 3172
3173,user3173,User 3173,user3173@email.com,123456,Bio for user 3173
3174,user3174,User 3174,user3174@email.com,123456,Bio for user 3174
3175,user3175,User 3175,user3175@email.com,123456,Bio for user 3175
3176,user3176,User 3176,user3176@email.com,123456,Bio for user 3176
3177,user3177,User 3177,user3177@email.com,123456,Bio for user 3177
3178,user3178,User 3178,user3178@email.com,123456,Bio for user 3178
3179,user3179,User 3179,user3179@email.com,123456,Bio for user 3179
3180,user3180,User 3180,user3180@email.com,123456,Bio for user 3180
3181,user3181,User 3181,user3181@email.com,123456,Bio for user 3181
3182,user3182,User 3182,user3182@email.com,123456,Bio for user 3182
3183,user3183,User 3183,user3183@email.com,123456,Bio for user 3183
3184,user3184,User 3184,user3184@email.com,123456,Bio for user 3184
3185,user3185,User 3185,user3185@email.com,123456,Bio for user 3185
3186,user3186,User 3186,user3186@email.com,123456,Bio for user 3186
3187,user3187,User 3187,user3187@email.com,123456,Bio for user 3187
3188,user3188,User 3188,user3188@email.com,123456,Bio for user 3188
3189,user3189,User 3189,user3189@email.com,123456,Bio for user 3189
3190,user3190,User 3190,user3190@email.com,123456,Bio for user 3190
3191,user3191,User 3191,user3191@email.com,123456,Bio for user 3191
3192,user3192,User 3192,user3192@email.com,123456,Bio for user 3192
3193,user3193,User 3193,user3193@email.com,123456,Bio for user 3193
3194,user3194,User 3194,user3194@email.com,123456,Bio for user 3194
3195,user3195,User 3195,user3195@email.com,123456,Bio for user 3195
3196,user3196,User 3196,user3196@email.com,123456,Bio for user 3196
3197,user3197,User 3197,user3197@email.com,123456,Bio for user 3197
3198,user3198,User 3198,user3198@email.com,123456,Bio for user 3198
3199,user3199,User 3199,user3199@email.com,123456,Bio for user 3199
3200,user3200,User 3200,user3200@email.com,123456,Bio for user 3200
3201,user3201,User 3201,user3201@email.com,123456,Bio for user 3201
3202,user3202,User 3202,user3202@email.com,123456,Bio for user 3202
3203,user3203,User 3203,user3203@email.com,123456,Bio for user 3203
3204,user3204,User 3204,user3204@email.com,123456,Bio for user 3204
3205,user3205,User 3205,user3205@email.com,123456,Bio for user 3205
3206,user3206,User 3206,user3206@email.com,123456,Bio for user 3206
3207,user3207,User 3207,user3207@email.com,123456,Bio for user 3207
3208,user3208,User 3208,user3208@email.com,123456,Bio for user 3208
3209,user3209,User 3209,user3209@email.com,123456,Bio for user 3209
3210,user3210,User 3210,user3210@email.com,123456,Bio for user 3210
3211,user3211,User 3211,user3211@email.com,123456,Bio for user 3211
3212,user3212,User 3212,user3212@email.com,123456,Bio for user 3212
3213,user3213,User 3213,user3213@email.com,123456,Bio for user 3213
3214,user3214,User 3214,user3214@email.com,123456,Bio for user 3214
3215,user3215,User 3215,user3215@email.com,123456,Bio for user 3215
3216,user3216,User 3216,user3216@email.com,123456,Bio for user 3216
3217,user3217,User 3217,user3217@email.com,123456,Bio for user 3217
3218,user3218,User 3218,user3218@email.com,123456,Bio for user 3218
3219,user3219,User 3219,user3219@email.com,123456,Bio for user 3219
3220,user3220,User 3220,user3220@email.com,123456,Bio for user 3220
3221,user3221,User 3221,user3221@email.com,123456,Bio for user 3221
3222,user3222,User 3222,user3222@email.com,123456,Bio for user 3222
3223,user3223,User 3223,user3223@email.com,123456,Bio for user 3223
3224,user3224,User 3224,user3224@email.com,123456,Bio for user 3224
3225,user3225,User 3225,user3225@email.com,123456,Bio for user 3225
3226,user3226,User 3226,user3226@email.com,123456,Bio for user 3226
3227,user3227,User 3227,user3227@email.com,123456,Bio for user 3227
3228,user3228,User 3228,user3228@email.com,123456,Bio for user 3228
3229,user3229,User 3229,user3229@email.com,123456,Bio for user 3229
3230,user3230,User 3230,user3230@email.com,123456,Bio for user 3230
3231,user3231,User 3231,user3231@email.com,123456,Bio for user 3231
3232,user3232,User 3232,user3232@email.com,123456,Bio for user 3232
3233,user3233,User 3233,user3233@email.com,123456,Bio for user 3233
3234,user3234,User 3234,user3234@email.com,123456,Bio for user 3234
3235,user3235,User 3235,user3235@email.com,123456,Bio for user 3235
3236,user3236,User 3236,user3236@email.com,123456,Bio for user 3236
3237,user3237,User 3237,user3237@email.com,123456,Bio for user 3237
3238,user3238,User 3238,user3238@email.com,123456,Bio for user 3238
3239,user3239,User 3239,user3239@email.com,123456,Bio for user 3239
3240,user3240,User 3240,user3240@email.com,123456,Bio for user 3240
3241,user3241,User 3241,user3241@email.com,123456,Bio for user 3241
3242,user3242,User 3242,user3242@email.com,123456,Bio for user 3242
3243,user3243,User 3243,user3243@email.com,123456,Bio for user 3243
3244,user3244,User 3244,user3244@email.com,123456,Bio for user 3244
3245,user3245,User 3245,user3245@email.com,123456,Bio for user 3245
3246,user3246,User 3246,user3246@email.com,123456,Bio for user 3246
3247,user3247,User 3247,user3247@email.com,123456,Bio for user 3247
3248,user3248,User 3248,user3248@email.com,123456,Bio for user 3248
3249,user3249,User 3249,user3249@email.com,123456,Bio for user 3249
3250,user3250,User 3250,user3250@email.com,123456,Bio for user 3250
3251,user3251,User 3251,user3251@email.com,123456,Bio for user 3251
3252,user3252,User 3252,user3252@email.com,123456,Bio for user 3252
3253,user3253,User 3253,user3253@email.com,123456,Bio for user 3253
3254,user3254,User 3254,user3254@email.com,123456,Bio for user 3254
3255,user3255,User 3255,user3255@email.com,123456,Bio for user 3255
3256,user3256,User 3256,user3256@email.com,123456,Bio for user 3256
3257,user3257,User 3257,user3257@email.com,123456,Bio for user 3257
3258,user3258,User 3258,user3258@email.com,123456,Bio for user 3258
3259,user3259,User 3259,user3259@email.com,123456,Bio for user 3259
3260,user3260,User 3260,user3260@email.com,123456,Bio for user 3260
3261,user3261,User 3261,user3261@email.com,123456,Bio for user 3261
3262,user3262,User 3262,user3262@email.com,123456,Bio for user 3262
3263,user3263,User 3263,user3263@email.com,123456,Bio for user 3263
3264,user3264,User 3264,user3264@email.com,123456,Bio for user 3264
3265,user3265,User 3265,user3265@email.com,123456,Bio for user 3265
3266,user3266,User 3266,user3266@email.com,123456,Bio for user 3266
3267,user3267,User 3267,user3267@email.com,123456,Bio for user 3267
3268,user3268,User 3268,user3268@email.com,123456,Bio for user 3268
3269,user3269,User 3269,user3269@email.com,123456,Bio for user 3269
3270,user3270,User 3270,user3270@email.com,123456,Bio for user 3270
3271,user3271,User 3271,user3271@email.com,123456,Bio for user 3271
3272,user3272,User 3272,user3272@email.com,123456,Bio for user 3272
3273,user3273,User 3273,user3273@email.com,123456,Bio for user 3273
3274,user3274,User 3274,user3274@email.com,123456,Bio for user 3274
3275,user3275,User 3275,user3275@email.com,123456,Bio for user 3275
3276,user3276,User 3276,user3276@email.com,123456,Bio for user 3276
3277,user3277,User 3277,user3277@email.com,123456,Bio for user 3277
3278,user3278,User 3278,user3278@email.com,123456,Bio for user 3278
3279,user3279,User 3279,user3279@email.com,123456,Bio for user 3279
3280,user3280,User 3280,user3280@email.com,123456,Bio for user 3280
3281,user3281,User 3281,user3281@email.com,123456,Bio for user 3281
3282,user3282,User 3282,user3282@email.com,123456,Bio for user 3282
3283,user3283,User 3283,user3283@email.com,123456,Bio for user 3283
3284,user3284,User 3284,user3284@email.com,123456,Bio for user 3284
3285,user3285,User 3285,user3285@email.com,123456,Bio for user 3285
3286,user3286,User 3286,user3286@email.com,123456,Bio for user 3286
3287,user3287,User 3287,user3287@email.com,123456,Bio for user 3287
3288,user3288,User 3288,user3288@email.com,123456,Bio for user 3288
3289,user3289,User 3289,user3289@email.com,123456,Bio for user 3289
3290,user3290,User 3290,user3290@email.com,123456,Bio for user 3290
3291,user3291,User 3291,user3291@email.com,123456,Bio for user 3291
3292,user3292,User 3292,user3292@email.com,123456,Bio for user 3292
3293,user3293,User 3293,user3293@email.com,123456,Bio for user 3293
3294,user3294,User 3294,user3294@email.com,123456,Bio for user 3294
3295,user3295,User 3295,user3295@email.com,123456,Bio for user 3295
3296,user3296,User 3296,user3296@email.com,123456,Bio for user 3296
3297,user3297,User 3297,user3297@email.com,123456,Bio for user 3297
3298,user3298,User 3298,user3298@email.com,123456,Bio for user 3298
3299,user3299,User 3299,user3299@email.com,123456,Bio for user 3299
3300,user3300,User 3300,user3300@email.com,123456,Bio for user 3300
3301,user3301,User 3301,user3301@email.com,123456,Bio for user 3301
3302,user3302,User 3302,user3302@email.com,123456,Bio for user 3302
3303,user3303,User 3303,user3303@email.com,123456,Bio for user 3303
3304,user3304,User 3304,user3304@email.com,123456,Bio for user 3304
3305,user3305,User 3305,user3305@email.com,123456,Bio for user 3305
3306,user3306,User 3306,user3306@email.com,123456,Bio for user 3306
3307,user3307,User 3307,user3307@email.com,123456,Bio for user 3307
3308,user3308,User 3308,user3308@email.com,123456,Bio for user 3308
3309,user3309,User 3309,user3309@email.com,123456,Bio for user 3309
3310,user3310,User 3310,user3310@email.com,123456,Bio for user 3310
3311,user3311,User 3311,user3311@email.com,123456,Bio for user 3311
3312,user3312,User 3312,user3312@email.com,123456,Bio for user 3312
3313,user3313,User 3313,user3313@email.com,123456,Bio for user 3313
3314,user3314,User 3314,user3314@email.com,123456,Bio for user 3314
3315,user3315,User 3315,user3315@email.com,123456,Bio for user 3315
3316,user3316,User 3316,user3316@email.com,123456,Bio for user 3316
3317,user3317,User 3317,user3317@email.com,123456,Bio for user 3317
3318,user3318,User 3318,user3318@email.com,123456,Bio for user 3318
3319,user3319,User 3319,user3319@email.com,123456,Bio for user 3319
3320,user3320,User 3320,user3320@email.com,123456,Bio for user 3320
3321,user3321,User 3321,user3321@email.com,123456,Bio for user 3321
3322,user3322,User 3322,user3322@email.com,123456,Bio for user 3322
3323,user3323,User 3323,user3323@email.com,123456,Bio for user 3323
3324,user3324,User 3324,user3324@email.com,123456,Bio for user 3324
3325,user3325,User 3325,user3325@email.com,123456,Bio for user 3325
3326,user3326,User 3326,user3326@email.com,123456,Bio for user 3326
3327,user3327,User 3327,user3327@email.com,123456,Bio for user 3327
3328,user3328,User 3328,user3328@email.com,123456,Bio for user 3328
3329,user3329,User 3329,user3329@email.com,123456,Bio for user 3329
3330,user3330,User 3330,user3330@email.com,123456,Bio for user 3330
3331,user3331,User 3331,user3331@email.com,123456,Bio for user 3331
3332,user3332,User 3332,user3332@email.com,123456,Bio for user 3332
3333,user3333,User 3333,user3333@email.com,123456,Bio for user 3333
3334,user3334,User 3334,user3334@email.com,123456,Bio for user 3334
3335,user3335,User 3335,user3335@email.com,123456,Bio for user 3335
3336,user3336,User 3336,user3336@email.com,123456,Bio for user 3336
3337,user3337,User 3337,user3337@email.com,123456,Bio for user 3337
3338,user3338,User 3338,user3338@email.com,123456,Bio for user 3338
3339,user3339,User 3339,user3339@email.com,123456,Bio for user 3339
3340,user3340,User 3340,user3340@email.com,123456,Bio for user 3340
3341,user3341,User 3341,user3341@email.com,123456,Bio for user 3341
3342,user3342,User 3342,user3342@email.com,123456,Bio for user 3342
3343,user3343,User 3343,user3343@email.com,123456,Bio for user 3343
3344,user3344,User 3344,user3344@email.com,123456,Bio for user 3344
3345,user3345,User 3345,user3345@email.com,123456,Bio for user 3345
3346,user3346,User 3346,user3346@email.com,123456,Bio for user 3346
3347,user3347,User 3347,user3347@email.com,123456,Bio for user 3347
3348,user3348,User 3348,user3348@email.com,123456,Bio for user 3348
3349,user3349,User 3349,user3349@email.com,123456,Bio for user 3349
3350,user3350,User 3350,user3350@email.com,123456,Bio for user 3350
3351,user3351,User 3351,user3351@email.com,123456,Bio for user 3351
3352,user3352,User 3352,user3352@email.com,123456,Bio for user 3352
3353,user3353,User 3353,user3353@email.com,123456,Bio for user 3353
3354,user3354,User 3354,user3354@email.com,123456,Bio for user 3354
3355,user3355,User 3355,user3355@email.com,123456,Bio for user 3355
3356,user3356,User 3356,user3356@email.com,123456,Bio for user 3356
3357,user3357,User 3357,user3357@email.com,123456,Bio for user 3357
3358,user3358,User 3358,user3358@email.com,123456,Bio for user 3358
3359,user3359,User 3359,user3359@email.com,123456,Bio for user 3359
3360,user3360,User 3360,user3360@email.com,123456,Bio for user 3360
3361,user3361,User 3361,user3361@email.com,123456,Bio for user 3361
3362,user3362,User 3362,user3362@email.com,123456,Bio for user 3362
3363,user3363,User 3363,user3363@email.com,123456,Bio for user 3363
3364,user3364,User 3364,user3364@email.com,123456,Bio for user 3364
3365,user3365,User 3365,user3365@email.com,123456,Bio for user 3365
3366,user3366,User 3366,user3366@email.com,123456,Bio for user 3366
3367,user3367,User 3367,user3367@email.com,123456,Bio for user 3367
3368,user3368,User 3368,user3368@email.com,123456,Bio for user 3368
3369,user3369,User 3369,user3369@email.com,123456,Bio for user 3369
3370,user3370,User 3370,user3370@email.com,123456,Bio for user 3370
3371,user3371,User 3371,user3371@email.com,123456,Bio for user 3371
3372,user3372,User 3372,user3372@email.com,123456,Bio for user 3372
3373,user3373,User 3373,user3373@email.com,123456,Bio for user 3373
3374,user3374,User 3374,user3374@email.com,123456,Bio for user 3374
3375,user3375,User 3375,user3375@email.com,123456,Bio for user 3375
3376,user3376,User 3376,user3376@email.com,123456,Bio for user 3376
3377,user3377,User 3377,user3377@email.com,123456,Bio for user 3377
3378,user3378,User 3378,user3378@email.com,123456,Bio for user 3378
3379,user3379,User 3379,user3379@email.com,123456,Bio for user 3379
3380,user3380,User 3380,user3380@email.com,123456,Bio for user 3380
3381,user3381,User 3381,user3381@email.com,123456,Bio for user 3381
3382,user3382,User 3382,user3382@email.com,123456,Bio for user 3382
3383,user3383,User 3383,user3383@email.com,123456,Bio for user 3383
3384,user3384,User 3384,user3384@email.com,123456,Bio for user 3384
3385,user3385,User 3385,user3385@email.com,123456,Bio for user 3385
3386,user3386,User 3386,user3386@email.com,123456,Bio for user 3386
3387,user3387,User 3387,user3387@email.com,123456,Bio for user 3387
3388,user3388,User 3388,user3388@email.com,123456,Bio for user 3388
3389,user3389,User 3389,user3389@email.com,123456,Bio for user 3389
3390,user3390,User 3390,user3390@email.com,123456,Bio for user 3390
3391,user3391,User 3391,user3391@email.com,123456,Bio for user 3391
3392,user3392,User 3392,user3392@email.com,123456,Bio for user 3392
3393,user3393,User 3393,user3393@email.com,123456,Bio for user 3393
3394,user3394,User 3394,user3394@email.com,123456,Bio for user 3394
3395,user3395,User 3395,user3395@email.com,123456,Bio for user 3395
3396,user3396,User 3396,user3396@email.com,123456,Bio for user 3396
3397,user3397,User 3397,user3397@email.com,123456,Bio for user 3397
3398,user3398,User 3398,user3398@email.com,123456,Bio for user 3398
3399,user3399,User 3399,user3399@email.com,123456,Bio for user 3399
3400,user3400,User 3400,user3400@email.com,123456,Bio for user 3400
3401,user3401,User 3401,user3401@email.com,123456,Bio for user 3401
3402,user3402,User 3402,user3402@email.com,123456,Bio for user 3402
3403,user3403,User 3403,user3403@email.com,123456,Bio for user 3403
3404,user3404,User 3404,user3404@email.com,123456,Bio for user 3404
3405,user3405,User 3405,user3405@email.com,123456,Bio for user 3405
3406,user3406,User 3406,user3406@email.com,123456,Bio for user 3406
3407,user3407,User 3407,user3407@email.com,123456,Bio for user 3407
3408,user3408,User 3408,user3408@email.com,123456,Bio for user 3408
3409,user3409,User 3409,user3409@email.com,123456,Bio for user 3409
3410,user3410,User 3410,user3410@email.com,123456,Bio for user 3410
3411,user3411,User 3411,user3411@email.com,123456,Bio for user 3411
3412,user3412,User 3412,user3412@email.com,123456,Bio for user 3412
3413,user3413,User 3413,user3413@email.com,123456,Bio for user 3413
3414,user3414,User 3414,user3414@email.com,123456,Bio for user 3414
3415,user3415,User 3415,user3415@email.com,123456,Bio for user 3415
3416,user3416,User 3416,user3416@email.com,123456,Bio for user 3416
3417,user3417,User 3417,user3417@email.com,123456,Bio for user 3417
3418,user3418,User 3418,user3418@email.com,123456,Bio for user 3418
3419,user3419,User 3419,user3419@email.com,123456,Bio for user 3419
3420,user3420,User 3420,user3420@email.com,123456,Bio for user 3420
3421,user3421,User 3421,user3421@email.com,123456,Bio for user 3421
3422,user3422,User 3422,user3422@email.com,123456,Bio for user 3422
3423,user3423,User 3423,user3423@email.com,123456,Bio for user 3423
3424,user3424,User 3424,user3424@email.com,123456,Bio for user 3424
3425,user3425,User 3425,user3425@email.com,123456,Bio for user 3425
3426,user3426,User 3426,user3426@email.com,123456,Bio for user 3426
3427,user3427,User 3427,user3427@email.com,123456,Bio for user 3427
3428,user3428,User 3428,user3428@email.com,123456,Bio for user 3428
3429,user3429,User 3429,user3429@email.com,123456,Bio for user 3429
3430,user3430,User 3430,user3430@email.com,123456,Bio for user 3430
3431,user3431,User 3431,user3431@email.com,123456,Bio for user 3431
3432,user3432,User 3432,user3432@email.com,123456,Bio for user 3432
3433,user3433,User 3433,user3433@email.com,123456,Bio for user 3433
3434,user3434,User 3434,user3434@email.com,123456,Bio for user 3434
3435,user3435,User 3435,user3435@email.com,123456,Bio for user 3435
3436,user3436,User 3436,user3436@email.com,123456,Bio for user 3436
3437,user3437,User 3437,user3437@email.com,123456,Bio for user 3437
3438,user3438,User 3438,user3438@email.com,123456,Bio for user 3438
3439,user3439,User 3439,user3439@email.com,123456,Bio for user 3439
3440,user3440,User 3440,user3440@email.com,123456,Bio for user 3440
3441,user3441,User 3441,user3441@email.com,123456,Bio for user 3441
3442,user3442,User 3442,user3442@email.com,123456,Bio for user 3442
3443,user3443,User 3443,user3443@email.com,123456,Bio for user 3443
3444,user3444,User 3444,user3444@email.com,123456,Bio for user 3444
3445,user3445,User 3445,user3445@email.com,123456,Bio for user 3445
3446,user3446,User 3446,user3446@email.com,123456,Bio for user 3446
3447,user3447,User 3447,user3447@email.com,123456,Bio for user 3447
3448,user3448,User 3448,user3448@email.com,123456,Bio for user 3448
3449,user3449,User 3449,user3449@email.com,123456,Bio for user 3449
3450,user3450,User 3450,user3450@email.com,123456,Bio for user 3450
3451,user3451,User 3451,user3451@email.com,123456,Bio for user 3451
3452,user3452,User 3452,user3452@email.com,123456,Bio for user 3452
3453,user3453,User 3453,user3453@email.com,123456,Bio for user 3453
3454,user3454,User 3454,user3454@email.com,123456,Bio for user 3454
3455,user3455,User 3455,user3455@email.com,123456,Bio for user 3455
3456,user3456,User 3456,user3456@email.com,123456,Bio for user 3456
3457,user3457,User 3457,user3457@email.com,123456,Bio for user 3457
3458,user3458,User 3458,user3458@email.com,123456,Bio for user 3458
3459,user3459,User 3459,user3459@email.com,123456,Bio for user 3459
3460,user3460,User 3460,user3460@email.com,123456,Bio for user 3460
3461,user3461,User 3461,user3461@email.com,123456,Bio for user 3461
3462,user3462,User 3462,user3462@email.com,123456,Bio for user 3462
3463,user3463,User 3463,user3463@email.com,123456,Bio for user 3463
3464,user3464,User 3464,user3464@email.com,123456,Bio for user 3464
3465,user3465,User 3465,user3465@email.com,123456,Bio for user 3465
3466,user3466,User 3466,user3466@email.com,123456,Bio for user 3466
3467,user3467,User 3467,user3467@email.com,123456,Bio for user 3467
3468,user3468,User 3468,user3468@email.com,123456,Bio for user 3468
3469,user3469,User 3469,user3469@email.com,123456,Bio for user 3469
3470,user3470,User 3470,user3470@email.com,123456,Bio for user 3470
3471,user3471,User 3471,user3471@email.com,123456,Bio for user 3471
3472,user3472,User 3472,user3472@email.com,123456,Bio for user 3472
3473,user3473,User 3473,user3473@email.com,123456,Bio for user 3473
3474,user3474,User 3474,user3474@email.com,123456,Bio for user 3474
3475,user3475,User 3475,user3475@email.com,123456,Bio for user 3475
3476,user3476,User 3476,user3476@email.com,123456,Bio for user 3476
3477,user3477,User 3477,user3477@email.com,123456,Bio for user 3477
3478,user3478,User 3478,user3478@email.com,123456,Bio for user 3478
3479,user3479,User 3479,user3479@email.com,123456,Bio for user 3479
3480,user3480,User 3480,user3480@email.com,123456,Bio for user 3480
3481,user3481,User 3481,user3481@email.com,123456,Bio for user 3481
3482,user3482,User 3482,user3482@email.com,123456,Bio for user 3482
3483,user3483,User 3483,user3483@email.com,123456,Bio for user 3483
3484,user3484,User 3484,user3484@email.com,123456,Bio for user 3484
3485,user3485,User 3485,user3485@email.com,123456,Bio for user 3485
3486,user3486,User 3486,user3486@email.com,123456,Bio for user 3486
3487,user3487,User 3487,user3487@email.com,123456,Bio for user 3487
3488,user3488,User 3488,user3488@email.com,123456,Bio for user 3488
3489,user3489,User 3489,user3489@email.com,123456,Bio for user 3489
3490,user3490,User 3490,user3490@email.com,123456,Bio for user 3490
3491,user3491,User 3491,user3491@email.com,123456,Bio for user 3491
3492,user3492,User 3492,user3492@email.com,123456,Bio for user 3492
3493,user3493,User 3493,user3493@email.com,123456,Bio for user 3493
3494,user3494,User 3494,user3494@email.com,123456,Bio for user 3494
3495,user3495,User 3495,user3495@email.com,123456,Bio for user 3495
3496,user3496,User 3496,user3496@email.com,123456,Bio for user 3496
3497,user3497,User 3497,user3497@email.com,123456,Bio for user 3497
3498,user3498,User 3498,user3498@email.com,123456,Bio for user 3498
3499,user3499,User 3499,user3499@email.com,123456,Bio for user 3499
3500,user3500,User 3500,user3500@email.com,123456,Bio for user 3500
3501,user3501,User 3501,user3501@email.com,123456,Bio for user 3501
3502,user3502,User 3502,user3502@email.com,123456,Bio for user 3502
3503,user3503,User 3503,user3503@email.com,123456,Bio for user 3503
3504,user3504,User 3504,user3504@email.com,123456,Bio for user 3504
3505,user3505,User 3505,user3505@email.com,123456,Bio for user 3505
3506,user3506,User 3506,user3506@email.com,123456,Bio for user 3506
3507,user3507,User 3507,user3507@email.com,123456,Bio for user 3507
3508,user3508,User 3508,user3508@email.com,123456,Bio for user 3508
3509,user3509,User 3509,user3509@email.com,123456,Bio for user 3509
3510,user3510,User 3510,user3510@email.com,123456,Bio for user 3510
3511,user3511,User 3511,user3511@email.com,123456,Bio for user 3511
3512,user3512,User 3512,user3512@email.com,123456,Bio for user 3512
3513,user3513,User 3513,user3513@email.com,123456,Bio for user 3513
3514,user3514,User 3514,user3514@email.com,123456,Bio for user 3514
3515,user3515,User 3515,user3515@email.com,123456,Bio for user 3515
3516,user3516,User 3516,user3516@email.com,123456,Bio for user 3516
3517,user3517,User 3517,user3517@email.com,123456,Bio for user 3517
3518,user3518,User 3518,user3518@email.com,123456,Bio for user 3518
3519,user3519,User 3519,user3519@email.com,123456,Bio for user 3519
3520,user3520,User 3520,user3520@email.com,123456,Bio for user 3520
3521,user3521,User 3521,user3521@email.com,123456,Bio for user 3521
3522,user3522,User 3522,user3522@email.com,123456,Bio for user 3522
3523,user3523,User 3523,user3523@email.com,123456,Bio for user 3523
3524,user3524,User 3524,user3524@email.com,123456,Bio for user 3524
3525,user3525,User 3525,user3525@email.com,123456,Bio for user 3525
3526,user3526,User 3526,user3526@email.com,123456,Bio for user 3526
3527,user3527,User 3527,user3527@email.com,123456,Bio for user 3527
3528,user3528,User 3528,user3528@email.com,123456,Bio for user 3528
3529,user3529,User 3529,user3529@email.com,123456,Bio for user 3529
3530,user3530,User 3530,user3530@email.com,123456,Bio for user 3530
3531,user3531,User 3531,user3531@email.com,123456,Bio for user 3531
3532,user3532,User 3532,user3532@email.com,123456,Bio for user 3532
3533,user3533,User 3533,user3533@email.com,123456,Bio for user 3533
3534,user3534,User 3534,user3534@email.com,123456,Bio for user 3534
3535,user3535,User 3535,user3535@email.com,123456,Bio for user 3535
3536,user3536,User 3536,user3536@email.com,123456,Bio for user 3536
3537,user3537,User 3537,user3537@email.com,123456,Bio for user 3537
3538,user3538,User 3538,user3538@email.com,123456,Bio for user 3538
3539,user3539,User 3539,user3539@email.com,123456,Bio for user 3539
3540,user3540,User 3540,user3540@email.com,123456,Bio for user 3540
3541,user3541,User 3541,user3541@email.com,123456,Bio for user 3541
3542,user3542,User 3542,user3542@email.com,123456,Bio for user 3542
3543,user3543,User 3543,user3543@email.com,123456,Bio for user 3543
3544,user3544,User 3544,user3544@email.com,123456,Bio for user 3544
3545,user3545,User 3545,user3545@email.com,123456,Bio for user 3545
3546,user3546,User 3546,user3546@email.com,123456,Bio for user 3546
3547,user3547,User 3547,user3547@email.com,123456,Bio for user 3547
3548,user3548,User 3548,user3548@email.com,123456,Bio for user 3548
3549,user3549,User 3549,user3549@email.com,123456,Bio for user 3549
3550,user3550,User 3550,user3550@email.com,123456,Bio for user 3550
3551,user3551,User 3551,user3551@email.com,123456,Bio for user 3551
3552,user3552,User 3552,user3552@email.com,123456,Bio for user 3552
3553,user3553,User 3553,user3553@email.com,123456,Bio for user 3553
3554,user3554,User 3554,user3554@email.com,123456,Bio for user 3554
3555,user3555,User 3555,user3555@email.com,123456,Bio for user 3555
3556,user3556,User 3556,user3556@email.com,123456,Bio for user 3556
3557,user3557,User 3557,user3557@email.com,123456,Bio for user 3557
3558,user3558,User 3558,user3558@email.com,123456,Bio for user 3558
3559,user3559,User 3559,user3559@email.com,123456,Bio for user 3559
3560,user3560,User 3560,user3560@email.com,123456,Bio for user 3560
3561,user3561,User 3561,user3561@email.com,123456,Bio for user 3561
3562,user3562,User 3562,user3562@email.com,123456,Bio for user 3562
3563,user3563,User 3563,user3563@email.com,123456,Bio for user 3563
3564,user3564,User 3564,user3564@email.com,123456,Bio for user 3564
3565,user3565,User 3565,user3565@email.com,123456,Bio for user 3565
3566,user3566,User 3566,user3566@email.com,123456,Bio for user 3566
3567,user3567,User 3567,user3567@email.com,123456,Bio for user 3567
3568,user3568,User 3568,user3568@email.com,123456,Bio for user 3568
3569,user3569,User 3569,user3569@email.com,123456,Bio for user 3569
3570,user3570,User 3570,user3570@email.com,123456,Bio for user 3570
3571,user3571,User 3571,user3571@email.com,123456,Bio for user 3571
3572,user3572,User 3572,user3572@email.com,123456,Bio for user 3572
3573,user3573,User 3573,user3573@email.com,123456,Bio for user 3573
3574,user3574,User 3574,user3574@email.com,123456,Bio for user 3574
3575,user3575,User 3575,user3575@email.com,123456,Bio for user 3575
3576,user3576,User 3576,user3576@email.com,123456,Bio for user 3576
3577,user3577,User 3577,user3577@email.com,123456,Bio for user 3577
3578,user3578,User 3578,user3578@email.com,123456,Bio for user 3578
3579,user3579,User 3579,user3579@email.com,123456,Bio for user 3579
3580,user3580,User 3580,user3580@email.com,123456,Bio for user 3580
3581,user3581,User 3581,user3581@email.com,123456,Bio for user 3581
3582,user3582,User 3582,user3582@email.com,123456,Bio for user 3582
3583,user3583,User 3583,user3583@email.com,123456,Bio for user 3583
3584,user3584,User 3584,user3584@email.com,123456,Bio for user 3584
3585,user3585,User 3585,user3585@email.com,123456,Bio for user 3585
3586,user3586,User 3586,user3586@email.com,123456,Bio for user 3586
3587,user3587,User 3587,user3587@email.com,123456,Bio for user 3587
3588,user3588,User 3588,user3588@email.com,123456,Bio for user 3588
3589,user3589,User 3589,user3589@email.com,123456,Bio for user 3589
3590,user3590,User 3590,user3590@email.com,123456,Bio for user 3590
3591,user3591,User 3591,user3591@email.com,123456,Bio for user 3591
3592,user3592,User 3592,user3592@email.com,123456,Bio for user 3592
3593,user3593,User 3593,user3593@email.com,123456,Bio for user 3593
3594,user3594,User 3594,user3594@email.com,123456,Bio for user 3594
3595,user3595,User 3595,user3595@email.com,123456,Bio for user 3595
3596,user3596,User 3596,user3596@email.com,123456,Bio for user 3596
3597,user3597,User 3597,user3597@email.com,123456,Bio for user 3597
3598,user3598,User 3598,user3598@email.com,123456,Bio for user 3598
3599,user3599,User 3599,user3599@email.com,123456,Bio for user 3599
3600,user3600,User 3600,user3600@email.com,123456,Bio for user 3600
3601,user3601,User 3601,user3601@email.com,123456,Bio for user 3601
3602,user3602,User 3602,user3602@email.com,123456,Bio for user 3602
3603,user3603,User 3603,user3603@email.com,123456,Bio for user 3603
3604,user3604,User 3604,user3604@email.com,123456,Bio for user 3604
3605,user3605,User 3605,user3605@email.com,123456,Bio for user 3605
3606,user3606,User 3606,user3606@email.com,123456,Bio for user 3606
3607,user3607,User 3607,user3607@email.com,123456,Bio for user 3607
3608,user3608,User 3608,user3608@email.com,123456,Bio for user 3608
3609,user3609,User 3609,user3609@email.com,123456,Bio for user 3609
3610,user3610,User 3610,user3610@email.com,123456,Bio for user 3610
3611,user3611,User 3611,user3611@email.com,123456,Bio for user 3611
3612,user3612,User 3612,user3612@email.com,123456,Bio for user 3612
3613,user3613,User 3613,user3613@email.com,123456,Bio for user 3613
3614,user3614,User 3614,user3614@email.com,123456,Bio for user 3614
3615,user3615,User 3615,user3615@email.com,123456,Bio for user 3615
3616,user3616,User 3616,user3616@email.com,123456,Bio for user 3616
3617,user3617,User 3617,user3617@email.com,123456,Bio for user 3617
3618,user3618,User 3618,user3618@email.com,123456,Bio for user 3618
3619,user3619,User 3619,user3619@email.com,123456,Bio for user 3619
3620,user3620,User 3620,user3620@email.com,123456,Bio for user 3620
3621,user3621,User 3621,user3621@email.com,123456,Bio for user 3621
3622,user3622,User 3622,user3622@email.com,123456,Bio for user 3622
3623,user3623,User 3623,user3623@email.com,123456,Bio for user 3623
3624,user3624,User 3624,user3624@email.com,123456,Bio for user 3624
3625,user3625,User 3625,user3625@email.com,123456,Bio for user 3625
3626,user3626,User 3626,user3626@email.com,123456,Bio for user 3626
3627,user3627,User 3627,user3627@email.com,123456,Bio for user 3627
3628,user3628,User 3628,user3628@email.com,123456,Bio for user 3628
3629,user3629,User 3629,user3629@email.com,123456,Bio for user 3629
3630,user3630,User 3630,user3630@email.com,123456,Bio for user 3630
3631,user3631,User 3631,user3631@email.com,123456,Bio for user 3631
3632,user3632,User 3632,user3632@email.com,123456,Bio for user 3632
3633,user3633,User 3633,user3633@email.com,123456,Bio for user 3633
3634,user3634,User 3634,user3634@email.com,123456,Bio for user 3634
3635,user3635,User 3635,user3635@email.com,123456,Bio for user 3635
3636,user3636,User 3636,user3636@email.com,123456,Bio for user 3636
3637,user3637,User 3637,user3637@email.com,123456,Bio for user 3637
3638,user3638,User 3638,user3638@email.com,123456,Bio for user 3638
3639,user3639,User 3639,user3639@email.com,123456,Bio for user 3639
3640,user3640,User 3640,user3640@email.com,123456,Bio for user 3640
3641,user3641,User 3641,user3641@email.com,123456,Bio for user 3641
3642,user3642,User 3642,user3642@email.com,123456,Bio for user 3642
3643,user3643,User 3643,user3643@email.com,123456,Bio for user 3643
3644,user3644,User 3644,user3644@email.com,123456,Bio for user 3644
3645,user3645,User 3645,user3645@email.com,123456,Bio for user 3645
3646,user3646,User 3646,user3646@email.com,123456,Bio for user 3646
3647,user3647,User 3647,user3647@email.com,123456,Bio for user 3647
3648,user3648,User 3648,user3648@email.com,123456,Bio for user 3648
3649,user3649,User 3649,user3649@email.com,123456,Bio for user 3649
3650,user3650,User 3650,user3650@email.com,123456,Bio for user 3650
3651,user3651,User 3651,user3651@email.com,123456,Bio for user 3651
3652,user3652,User 3652,user3652@email.com,123456,Bio for user 3652
3653,user3653,User 3653,user3653@email.com,123456,Bio for user 3653
3654,user3654,User 3654,user3654@email.com,123456,Bio for user 3654
3655,user3655,User 3655,user3655@email.com,123456,Bio for user 3655
3656,user3656,User 3656,user3656@email.com,123456,Bio for user 3656
3657,user3657,User 3657,user3657@email.com,123456,Bio for user 3657
3658,user3658,User 3658,user3658@email.com,123456,Bio for user 3658
3659,user3659,User 3659,user3659@email.com,123456,Bio for user 3659
3660,user3660,User 3660,user3660@email.com,123456,Bio for user 3660
3661,user3661,User 3661,user3661@email.com,123456,Bio for user 3661
3662,user3662,User 3662,user3662@email.com,123456,Bio for user 3662
3663,user3663,User 3663,user3663@email.com,123456,Bio for user 3663
3664,user3664,User 3664,user3664@email.com,123456,Bio for user 3664
3665,user3665,User 3665,user3665@email.com,123456,Bio for user 3665
3666,user3666,User 3666,user3666@email.com,123456,Bio for user 3666
3667,user3667,User 3667,user3667@email.com,123456,Bio for user 3667
3668,user3668,User 3668,user3668@email.com,123456,Bio for user 3668
3669,user3669,User 3669,user3669@email.com,123456,Bio for user 3669
3670,user3670,User 3670,user3670@email.com,123456,Bio for user 3670
3671,user3671,User 3671,user3671@email.com,123456,Bio for user 3671
3672,user3672,User 3672,user3672@email.com,123456,Bio for user 3672
3673,user3673,User 3673,user3673@email.com,123456,Bio for user 3673
3674,user3674,User 3674,user3674@email.com,123456,Bio for user 3674
3675,user3675,User 3675,user3675@email.com,123456,Bio for user 3675
3676,user3676,User 3676,user3676@email.com,123456,Bio for user 3676
3677,user3677,User 3677,user3677@email.com,123456,Bio for user 3677
3678,user3678,User 3678,user3678@email.com,123456,Bio for user 3678
3679,user3679,User 3679,user3679@email.com,123456,Bio for user 3679
3680,user3680,User 3680,user3680@email.com,123456,Bio for user 3680
3681,user3681,User 3681,user3681@email.com,123456,Bio for user 3681
3682,user3682,User 3682,user3682@email.com,123456,Bio for user 3682
3683,user3683,User 3683,user3683@email.com,123456,Bio for user 3683
3684,user3684,User 3684,user3684@email.com,123456,Bio for user 3684
3685,user3685,User 3685,user3685@email.com,123456,Bio for user 3685
3686,user3686,User 3686,user3686@email.com,123456,Bio for user 3686
3687,user3687,User 3687,user3687@email.com,123456,Bio for user 3687
3688,user3688,User 3688,user3688@email.com,123456,Bio for user 3688
3689,user3689,User 3689,user3689@email.com,123456,Bio for user 3689
3690,user3690,User 3690,user3690@email.com,123456,Bio for user 3690
3691,user3691,User 3691,user3691@email.com,123456,Bio for user 3691
3692,user3692,User 3692,user3692@email.com,123456,Bio for user 3692
3693,user3693,User 3693,user3693@email.com,123456,Bio for user 3693
3694,user3694,User 3694,user3694@email.com,123456,Bio for user 3694
3695,user3695,User 3695,user3695@email.com,123456,Bio for user 3695
3696,user3696,User 3696,user3696@email.com,123456,Bio for user 3696
3697,user3697,User 3697,user3697@email.com,123456,Bio for user 3697
3698,user3698,User 3698,user3698@email.com,123456,Bio for user 3698
3699,user3699,User 3699,user3699@email.com,123456,Bio for user 3699
3700,user3700,User 3700,user3700@email.com,123456,Bio for user 3700
3701,user3701,User 3701,user3701@email.com,123456,Bio for user 3701
3702,user3702,User 3702,user3702@email.com,123456,Bio for user 3702
3703,user3703,User 3703,user3703@email.com,123456,Bio for user 3703
3704,user3704,User 3704,user3704@email.com,123456,Bio for user 3704
3705,user3705,User 3705,user3705@email.com,123456,Bio for user 3705
3706,user3706,User 3706,user3706@email.com,123456,Bio for user 3706
3707,user3707,User 3707,user3707@email.com,123456,Bio for user 3707
3708,user3708,User 3708,user3708@email.com,123456,Bio for user 3708
3709,user3709,User 3709,user3709@email.com,123456,Bio for user 3709
3710,user3710,User 3710,user3710@email.com,123456,Bio for user 3710
3711,user3711,User 3711,user3711@email.com,123456,Bio for user 3711
3712,user3712,User 3712,user3712@email.com,123456,Bio for user 3712
3713,user3713,User 3713,user3713@email.com,123456,Bio for user 3713
3714,user3714,User 3714,user3714@email.com,123456,Bio for user 3714
3715,user3715,User 3715,user3715@email.com,123456,Bio for user 3715
3716,user3716,User 3716,user3716@email.com,123456,Bio for user 3716
3717,user3717,User 3717,user3717@email.com,123456,Bio for user 3717
3718,user3718,User 3718,user3718@email.com,123456,Bio for user 3718
3719,user3719,User 3719,user3719@email.com,123456,Bio for user 3719
3720,user3720,User 3720,user3720@email.com,123456,Bio for user 3720
3721,user3721,User 3721,user3721@email.com,123456,Bio for user 3721
3722,user3722,User 3722,user3722@email.com,123456,Bio for user 3722
3723,user3723,User 3723,user3723@email.com,123456,Bio for user 3723
3724,user3724,User 3724,user3724@email.com,123456,Bio for user 3724
3725,user3725,User 3725,user3725@email.com,123456,Bio for user 3725
3726,user3726,User 3726,user3726@email.com,123456,Bio for user 3726
3727,user3727,User 3727,user3727@email.com,123456,Bio for user 3727
3728,user3728,User 3728,user3728@email.com,123456,Bio for user 3728
3729,user3729,User 3729,user3729@email.com,123456,Bio for user 3729
3730,user3730,User 3730,user3730@email.com,123456,Bio for user 3730
3731,user3731,User 3731,user3731@email.com,123456,Bio for user 3731
3732,user3732,User 3732,user3732@email.com,123456,Bio for user 3732
3733,user3733,User 3733,user3733@email.com,123456,Bio for user 3733
3734,user3734,User 3734,user3734@email.com,123456,Bio for user 3734
3735,user3735,User 3735,user3735@email.com,123456,Bio for user 3735
3736,user3736,User 3736,user3736@email.com,123456,Bio for user 3736
3737,user3737,User 3737,user3737@email.com,123456,Bio for user 3737
3738,user3738,User 3738,user3738@email.com,123456,Bio for user 3738
3739,user3739,User 3739,user3739@email.com,123456,Bio for user 3739
3740,user3740,User 3740,user3740@email.com,123456,Bio for user 3740
3741,user3741,User 3741,user3741@email.com,123456,Bio for user 3741
3742,user3742,User 3742,user3742@email.com,123456,Bio for user 3742
3743,user3743,User 3743,user3743@email.com,123456,Bio for user 3743
3744,user3744,User 3744,user3744@email.com,123456,Bio for user 3744
3745,user3745,User 3745,user3745@email.com,123456,Bio for user 3745
3746,user3746,User 3746,user3746@email.com,123456,Bio for user 3746
3747,user3747,User 3747,user3747@email.com,123456,Bio for user 3747
3748,user3748,User 3748,user3748@email.com,123456,Bio for user 3748
3749,user3749,User 3749,user3749@email.com,123456,Bio for user 3749
3750,user3750,User 3750,user3750@email.com,123456,Bio for user 3750
3751,user3751,User 3751,user3751@email.com,123456,Bio for user 3751
3752,user3752,User 3752,user3752@email.com,123456,Bio for user 3752
3753,user3753,User 3753,user3753@email.com,123456,Bio for user 3753
3754,user3754,User 3754,user3754@email.com,123456,Bio for user 3754
3755,user3755,User 3755,user3755@email.com,123456,Bio for user 3755
3756,user3756,User 3756,user3756@email.com,123456,Bio for user 3756
3757,user3757,User 3757,user3757@email.com,123456,Bio for user 3757
3758,user3758,User 3758,user3758@email.com,123456,Bio for user 3758
3759,user3759,User 3759,user3759@email.com,123456,Bio for user 3759
3760,user3760,User 3760,user3760@email.com,123456,Bio for user 3760
3761,user3761,User 3761,user3761@email.com,123456,Bio for user 3761
3762,user3762,User 3762,user3762@email.com,123456,Bio for user 3762
3763,user3763,User 3763,user3763@email.com,123456,Bio for user 3763
3764,user3764,User 3764,user3764@email.com,123456,Bio for user 3764
3765,user3765,User 3765,user3765@email.com,123456,Bio for user 3765
3766,user3766,User 3766,user3766@email.com,123456,Bio for user 3766
3767,user3767,User 3767,user3767@email.com,123456,Bio for user 3767
3768,user3768,User 3768,user3768@email.com,123456,Bio for user 3768
3769,user3769,User 3769,user3769@email.com,123456,Bio for user 3769
3770,user3770,User 3770,user3770@email.com,123456,Bio for user 3770
3771,user3771,User 3771,user3771@email.com,123456,Bio for user 3771
3772,user3772,User 3772,user3772@email.com,123456,Bio for user 3772
3773,user3773,User 3773,user3773@email.com,123456,Bio for user 3773
3774,user3774,User 3774,user3774@email.com,123456,Bio for user 3774
3775,user3775,User 3775,user3775@email.com,123456,Bio for user 3775
3776,user3776,User 3776,user3776@email.com,123456,Bio for user 3776
3777,user3777,User 3777,user3777@email.com,123456,Bio for user 3777
3778,user3778,User 3778,user3778@email.com,123456,Bio for user 3778
3779,user3779,User 3779,user3779@email.com,123456,Bio for user 3779
3780,user3780,User 3780,user3780@email.com,123456,Bio for user 3780
3781,user3781,User 3781,user3781@email.com,123456,Bio for user 3781
3782,user3782,User 3782,user3782@email.com,123456,Bio for user 3782
3783,user3783,User 3783,user3783@email.com,123456,Bio for user 3783
3784,user3784,User 3784,user3784@email.com,123456,Bio for user 3784
3785,user3785,User 3785,user3785@email.com,123456,Bio for user 3785
3786,user3786,User 3786,user3786@email.com,123456,Bio for user 3786
3787,user3787,User 3787,user3787@email.com,123456,Bio for user 3787
3788,user3788,User 3788,user3788@email.com,123456,Bio for user 3788
3789,user3789,User 3789,user3789@email.com,123456,Bio for user 3789
3790,user3790,User 3790,user3790@email.com,123456,Bio for user 3790
3791,user3791,User 3791,user3791@email.com,123456,Bio for user 3791
3792,user3792,User 3792,user3792@email.com,123456,Bio for user 3792
3793,user3793,User 3793,user3793@email.com,123456,Bio for user 3793
3794,user3794,User 3794,user3794@email.com,123456,Bio for user 3794
3795,user3795,User 3795,user3795@email.com,123456,Bio for user 3795
3796,user3796,User 3796,user3796@email.com,123456,Bio for user 3796
3797,user3797,User 3797,user3797@email.com,123456,Bio for user 3797
3798,user3798,User 3798,user3798@email.com,123456,Bio for user 3798
3799,user3799,User 3799,user3799@email.com,123456,Bio for user 3799
3800,user3800,User 3800,user3800@email.com,123456,Bio for user 3800
3801,user3801,User 3801,user3801@email.com,123456,Bio for user 3801
3802,user3802,User 3802,user3802@email.com,123456,Bio for user 3802
3803,user3803,User 3803,user3803@email.com,123456,Bio for user 3803
3804,user3804,User 3804,user3804@email.com,123456,Bio for user 3804
3805,user3805,User 3805,user3805@email.com,123456,Bio for user 3805
3806,user3806,User 3806,user3806@email.com,123456,Bio for user 3806
3807,user3807,User 3807,user3807@email.com,123456,Bio for user 3807
3808,user3808,User 3808,user3808@email.com,123456,Bio for user 3808
3809,user3809,User 3809,user3809@email.com,123456,Bio for user 3809
3810,user3810,User 3810,user3810@email.com,123456,Bio for user 3810
3811,user3811,User 3811,user3811@email.com,123456,Bio for user 3811
3812,user3812,User 3812,user3812@email.com,123456,Bio for user 3812
3813,user3813,User 3813,user3813@email.com,123456,Bio for user 3813
3814,user3814,User 3814,user3814@email.com,123456,Bio for user 3814
3815,user3815,User 3815,user3815@email.com,123456,Bio for user 3815
3816,user3816,User 3816,user3816@email.com,123456,Bio for user 3816
3817,user3817,User 3817,user3817@email.com,123456,Bio for user 3817
3818,user3818,User 3818,user3818@email.com,123456,Bio for user 3818
3819,user3819,User 3819,user3819@email.com,123456,Bio for user 3819
3820,user3820,User 3820,user3820@email.com,123456,Bio for user 3820
3821,user3821,User 3821,user3821@email.com,123456,Bio for user 3821
3822,user3822,User 3822,user3822@email.com,123456,Bio for user 3822
3823,user3823,User 3823,user3823@email.com,123456,Bio for user 3823
3824,user3824,User 3824,user3824@email.com,123456,Bio for user 3824
3825,user3825,User 3825,user3825@email.com,123456,Bio for user 3825
3826,user3826,User 3826,user3826@email.com,123456,Bio for user 3826
3827,user3827,User 3827,user3827@email.com,123456,Bio for user 3827
3828,user3828,User 3828,user3828@email.com,123456,Bio for user 3828
3829,user3829,User 3829,user3829@email.com,123456,Bio for user 3829
3830,user3830,User 3830,user3830@email.com,123456,Bio for user 3830
3831,user3831,User 3831,user3831@email.com,123456,Bio for user 3831
3832,user3832,User 3832,user3832@email.com,123456,Bio for user 3832
3833,user3833,User 3833,user3833@email.com,123456,Bio for user 3833
3834,user3834,User 3834,user3834@email.com,123456,Bio for user 3834
3835,user3835,User 3835,user3835@email.com,123456,Bio for user 3835
3836,user3836,User 3836,user3836@email.com,123456,Bio for user 3836
3837,user3837,User 3837,user3837@email.com,123456,Bio for user 3837
3838,user3838,User 3838,user3838@email.com,123456,Bio for user 3838
3839,user3839,User 3839,user3839@email.com,123456,Bio for user 3839
3840,user3840,User 3840,user3840@email.com,123456,Bio for user 3840
3841,user3841,User 3841,user3841@email.com,123456,Bio for user 3841
3842,user3842,User 3842,user3842@email.com,123456,Bio for user 3842
3843,user3843,User 3843,user3843@email.com,123456,Bio for user 3843
3844,user3844,User 3844,user3844@email.com,123456,Bio for user 3844
3845,user3845,User 3845,user3845@email.com,123456,Bio for user 3845
3846,user3846,User 3846,user3846@email.com,123456,Bio for user 3846
3847,user3847,User 3847,user3847@email.com,123456,Bio for user 3847
3848,user3848,User 3848,user3848@email.com,123456,Bio for user 3848
3849,user3849,User 3849,user3849@email.com,123456,Bio for user 3849
3850,user3850,User 3850,user3850@email.com,123456,Bio for user 3850
3851,user3851,User 3851,user3851@email.com,123456,Bio for user 3851
3852,user3852,User 3852,user3852@email.com,123456,Bio for user 3852
3853,user3853,User 3853,user3853@email.com,123456,Bio for user 3853
3854,user3854,User 3854,user3854@email.com,123456,Bio for user 3854
3855,user3855,User 3855,user3855@email.com,123456,Bio for user 3855
3856,user3856,User 3856,user3856@email.com,123456,Bio for user 3856
3857,user3857,User 3857,user3857@email.com,123456,Bio for user 3857
3858,user3858,User 3858,user3858@email.com,123456,Bio for user 3858
3859,user3859,User 3859,user3859@email.com,123456,Bio for user 3859
3860,user3860,User 3860,user3860@email.com,123456,Bio for user 3860
3861,user3861,User 3861,user3861@email.com,123456,Bio for user 3861
3862,user3862,User 3862,user3862@email.com,123456,Bio for user 3862
3863,user3863,User 3863,user3863@email.com,123456,Bio for user 3863
3864,user3864,User 3864,user3864@email.com,123456,Bio for user 3864
3865,user3865,User 3865,user3865@email.com,123456,Bio for user 3865
3866,user3866,User 3866,user3866@email.com,123456,Bio for user 3866
3867,user3867,User 3867,user3867@email.com,123456,Bio for user 3867
3868,user3868,User 3868,user3868@email.com,123456,Bio for user 3868
3869,user3869,User 3869,user3869@email.com,123456,Bio for user 3869
3870,user3870,User 3870,user3870@email.com,123456,Bio for user 3870
3871,user3871,User 3871,user3871@email.com,123456,Bio for user 3871
3872,user3872,User 3872,user3872@email.com,123456,Bio for user 3872
3873,user3873,User 3873,user3873@email.com,123456,Bio for user 3873
3874,user3874,User 3874,user3874@email.com,123456,Bio for user 3874
3875,user3875,User 3875,user3875@email.com,123456,Bio for user 3875
3876,user3876,User 3876,user3876@email.com,123456,Bio for user 3876
3877,user3877,User 3877,user3877@email.com,123456,Bio for user 3877
3878,user3878,User 3878,user3878@email.com,123456,Bio for user 3878
3879,user3879,User 3879,user3879@email.com,123456,Bio for user 3879
3880,user3880,User 3880,user3880@email.com,123456,Bio for user 3880
3881,user3881,User 3881,user3881@email.com,123456,Bio for user 3881
3882,user3882,User 3882,user3882@email.com,123456,Bio for user 3882
3883,user3883,User 3883,user3883@email.com,123456,Bio for user 3883
3884,user3884,User 3884,user3884@email.com,123456,Bio for user 3884
3885,user3885,User 3885,user3885@email.com,123456,Bio for user 3885
3886,user3886,User 3886,user3886@email.com,123456,Bio for user 3886
3887,user3887,User 3887,user3887@email.com,123456,Bio for user 3887
3888,user3888,User 3888,user3888@email.com,123456,Bio for user 3888
3889,user3889,User 3889,user3889@email.com,123456,Bio for user 3889
3890,user3890,User 3890,user3890@email.com,123456,Bio for user 3890
3891,user3891,User 3891,user3891@email.com,123456,Bio for user 3891
3892,user3892,User 3892,user3892@email.com,123456,Bio for user 3892
3893,user3893,User 3893,user3893@email.com,123456,Bio for user 3893
3894,user3894,User 3894,user3894@email.com,123456,Bio for user 3894
3895,user3895,User 3895,user3895@email.com,123456,Bio for user 3895
3896,user3896,User 3896,user3896@email.com,123456,Bio for user 3896
3897,user3897,User 3897,user3897@email.com,123456,Bio for user 3897
3898,user3898,User 3898,user3898@email.com,123456,Bio for user 3898
3899,user3899,User 3899,user3899@email.com,123456,Bio for user 3899
3900,user3900,User 3900,user3900@email.com,123456,Bio for user 3900
3901,user3901,User 3901,user3901@email.com,123456,Bio for user 3901
3902,user3902,User 3902,user3902@email.com,123456,Bio for user 3902
3903,user3903,User 3903,user3903@email.com,123456,Bio for user 3903
3904,user3904,User 3904,user3904@email.com,123456,Bio for user 3904
3905,user3905,User 3905,user3905@email.com,123456,Bio for user 3905
3906,user3906,User 3906,user3906@email.com,123456,Bio for user 3906
3907,user3907,User 3907,user3907@email.com,123456,Bio for user 3907
3908,user3908,User 3908,user3908@email.com,123456,Bio for user 3908
3909,user3909,User 3909,user3909@email.com,123456,Bio for user 3909
3910,user3910,User 3910,user3910@email.com,123456,Bio for user 3910
3911,user3911,User 3911,user3911@email.com,123456,Bio for user 3911
3912,user3912,User 3912,user3912@email.com,123456,Bio for user 3912
3913,user3913,User 3913,user3913@email.com,123456,Bio for user 3913
3914,user3914,User 3914,user3914@email.com,123456,Bio for user 3914
3915,user3915,User 3915,user3915@email.com,123456,Bio for user 3915
3916,user3916,User 3916,user3916@email.com,123456,Bio for user 3916
3917,user3917,User 3917,user3917@email.com,123456,Bio for user 3917
3918,user3918,User 3918,user3918@email.com,123456,Bio for user 3918
3919,user3919,User 3919,user3919@email.com,123456,Bio for user 3919
3920,user3920,User 3920,user3920@email.com,123456,Bio for user 3920
3921,user3921,User 3921,user3921@email.com,123456,Bio for user 3921
3922,user3922,User 3922,user3922@email.com,123456,Bio for user 3922
3923,user3923,User 3923,user3923@email.com,123456,Bio for user 3923
3924,user3924,User 3924,user3924@email.com,123456,Bio for user 3924
3925,user3925,User 3925,user3925@email.com,123456,Bio for user 3925
3926,user3926,User 3926,user3926@email.com,123456,Bio for user 3926
3927,user3927,User 3927,user3927@email.com,123456,Bio for user 3927
3928,user3928,User 3928,user3928@email.com,123456,Bio for user 3928
3929,user3929,User 3929,user3929@email.com,123456,Bio for user 3929
3930,user3930,User 3930,user3930@email.com,123456,Bio for user 3930
3931,user3931,User 3931,user3931@email.com,123456,Bio for user 3931
3932,user3932,User 3932,user3932@email.com,123456,Bio for user 3932
3933,user3933,User 3933,user3933@email.com,123456,Bio for user 3933
3934,user3934,User 3934,user3934@email.com,123456,Bio for user 3934
3935,user3935,User 3935,user3935@email.com,123456,Bio for user 3935
3936,user3936,User 3936,user3936@email.com,123456,Bio for user 3936
3937,user3937,User 3937,user3937@email.com,123456,Bio for user 3937
3938,user3938,User 3938,user3938@email.com,123456,Bio for user 3938
3939,user3939,User 3939,user3939@email.com,123456,Bio for user 3939
3940,user3940,User 3940,user3940@email.com,123456,Bio for user 3940
3941,user3941,User 3941,user3941@email.com,123456,Bio for user 3941
3942,user3942,User 3942,user3942@email.com,123456,Bio for user 3942
3943,user3943,User 3943,user3943@email.com,123456,Bio for user 3943
3944,user3944,User 3944,user3944@email.com,123456,Bio for user 3944
3945,user3945,User 3945,user3945@email.com,123456,Bio for user 3945
3946,user3946,User 3946,user3946@email.com,123456,Bio for user 3946
3947,user3947,User 3947,user3947@email.com,123456,Bio for user 3947
3948,user3948,User 3948,user3948@email.com,123456,Bio for user 3948
3949,user3949,User 3949,user3949@email.com,123456,Bio for user 3949
3950,user3950,User 3950,user3950@email.com,123456,Bio for user 3950
3951,user3951,User 3951,user3951@email.com,123456,Bio for user 3951
3952,user3952,User 3952,user3952@email.com,123456,Bio for user 3952
3953,user3953,User 3953,user3953@email.com,123456,Bio for user 3953
3954,user3954,User 3954,user3954@email.com,123456,Bio for user 3954
3955,user3955,User 3955,user3955@email.com,123456,Bio for user 3955
3956,user3956,User 3956,user3956@email.com,123456,Bio for user 3956
3957,user3957,User 3957,user3957@email.com,123456,Bio for user 3957
3958,user3958,User 3958,user3958@email.com,123456,Bio for user 3958
3959,user3959,User 3959,user3959@email.com,123456,Bio for user 3959
3960,user3960,User 3960,user3960@email.com,123456,Bio for user 3960
3961,user3961,User 3961,user3961@email.com,123456,Bio for user 3961
3962,user3962,User 3962,user3962@email.com,123456,Bio for user 3962
3963,user3963,User 3963,user3963@email.com,123456,Bio for user 3963
3964,user3964,User 3964,user3964@email.com,123456,Bio for user 3964
3965,user3965,User 3965,user3965@email.com,123456,Bio for user 3965
3966,user3966,User 3966,user3966@email.com,123456,Bio for user 3966
3967,user3967,User 3967,user3967@email.com,123456,Bio for user 3967
3968,user3968,User 3968,user3968@email.com,123456,Bio for user 3968
3969,user3969,User 3969,user3969@email.com,123456,Bio for user 3969
3970,user3970,User 3970,user3970@email.com,123456,Bio for user 3970
3971,user3971,User 3971,user3971@email.com,123456,Bio for user 3971
3972,user3972,User 3972,user3972@email.com,123456,Bio for user 3972
3973,user3973,User 3973,user3973@email.com,123456,Bio for user 3973
3974,user3974,User 3974,user3974@email.com,123456,Bio for user 3974
3975,user3975,User 3975,user3975@email.com,123456,Bio for user 3975
3976,user3976,User 3976,user3976@email.com,123456,Bio for user 3976
3977,user3977,User 3977,user3977@email.com,123456,Bio for user 3977
3978,user3978,User 3978,user3978@email.com,123456,Bio for user 3978
3979,user3979,User 3979,user3979@email.com,123456,Bio for user 3979
3980,user3980,User 3980,user3980@email.com,123456,Bio for user 3980
3981,user3981,User 3981,user3981@email.com,123456,Bio for user 3981
3982,user3982,User 3982,user3982@email.com,123456,Bio for user 3982
3983,user3983,User 3983,user3983@email.com,123456,Bio for user 3983
3984,user3984,User 3984,user3984@email.com,123456,Bio for user 3984
3985,user3985,User 3985,user3985@email.com,123456,Bio for user 3985
3986,user3986,User 3986,user3986@email.com,123456,Bio for user 3986
3987,user3987,User 3987,user3987@email.com,123456,Bio for user 3987
3988,user3988,User 3988,user3988@email.com,123456,Bio for user 3988
3989,user3989,User 3989,user3989@email.com,123456,Bio for user 3989
3990,user3990,User 3990,user3990@email.com,123456,Bio for user 3990
3991,user3991,User 3991,user3991@email.com,123456,Bio for user 3991
3992,user3992,User 3992,user3992@email.com,123456,Bio for user 3992
3993,user3993,User 3993,user3993@email.com,123456,Bio for user 3993
3994,user3994,User 3994,user3994@email.com,123456,Bio for user 3994
3995,user3995,User 3995,user3995@email.com,123456,Bio for user 3995
3996,user3996,User 3996,user3996@email.com,123456,Bio for user 3996
3997,user3997,User 3997,user3997@email.com,123456,Bio for user 3997
3998,user3998,User 3998,user3998@email.com,123456,Bio for user 3998
3999,user3999,User 3999,user3999@email.com,123456,Bio for user 3999
4000,user4000,User 4000,user4000@email.com,123456,Bio for user 4000
4001,user4001,User 4001,user4001@email.com,123456,Bio for user 4001
4002,user4002,User 4002,user4002@email.com,123456,Bio for user 4002
4003,user4003,User 4003,user4003@email.com,123456,Bio for user 4003
4004,user4004,User 4004,user4004@email.com,123456,Bio for user 4004
4005,user4005,User 4005,user4005@email.com,123456,Bio for user 4005
4006,user4006,User 4006,user4006@email.com,123456,Bio for user 4006
4007,user4007,User 4007,user4007@email.com,123456,Bio for user 4007
4008,user4008,User 4008,user4008@email.com,123456,Bio for user 4008
4009,user4009,User 4009,user4009@email.com,123456,Bio for user 4009
4010,user4010,User 4010,user4010@email.com,123456,Bio for user 4010
4011,user4011,User 4011,user4011@email.com,123456,Bio for user 4011
4012,user4012,User 4012,user4012@email.com,123456,Bio for user 4012
4013,user4013,User 4013,user4013@email.com,123456,Bio for user 4013
4014,user4014,User 4014,user4014@email.com,123456,Bio for user 4014
4015,user4015,User 4015,user4015@email.com,123456,Bio for user 4015
4016,user4016,User 4016,user4016@email.com,123456,Bio for user 4016
4017,user4017,User 4017,user4017@email.com,123456,Bio for user 4017
4018,user4018,User 4018,user4018@email.com,123456,Bio for user 4018
4019,user4019,User 4019,user4019@email.com,123456,Bio for user 4019
4020,user4020,User 4020,user4020@email.com,123456,Bio for user 4020
4021,user4021,User 4021,user4021@email.com,123456,Bio for user 4021
4022,user4022,User 4022,user4022@email.com,123456,Bio for user 4022
4023,user4023,User 4023,user4023@email.com,123456,Bio for user 4023
4024,user4024,User 4024,user4024@email.com,123456,Bio for user 4024
4025,user4025,User 4025,user4025@email.com,123456,Bio for user 4025
4026,user4026,User 4026,user4026@email.com,123456,Bio for user 4026
4027,user4027,User 4027,user4027@email.com,123456,Bio for user 4027
4028,user4028,User 4028,user4028@email.com,123456,Bio for user 4028
4029,user4029,User 4029,user4029@email.com,123456,Bio for user 4029
4030,user4030,User 4030,user4030@email.com,123456,Bio for user 4030
4031,user4031,User 4031,user4031@email.com,123456,Bio for user 4031
4032,user4032,User 4032,user4032@email.com,123456,Bio for user 4032
4033,user4033,User 4033,user4033@email.com,123456,Bio for user 4033
4034,user4034,User 4034,user4034@email.com,123456,Bio for user 4034
4035,user4035,User 4035,user4035@email.com,123456,Bio for user 4035
4036,user4036,User 4036,user4036@email.com,123456,Bio for user 4036
4037,user4037,User 4037,user4037@email.com,123456,Bio for user 4037
4038,user4038,User 4038,user4038@email.com,123456,Bio for user 4038
